unitid,institution_name,state,institution_type,data_year
100654,Alabama A & M University,AL,Public,2024
100663,University of Alabama at Birmingham,AL,Public,2024
100690,Amridge University,AL,Private not-for-profit,2024
100706,University of Alabama in Huntsville,AL,Public,2024
100724,Alabama State University,AL,Public,2024
100733,University of Alabama System Office,AL,Public,2024
100751,The University of Alabama,AL,Public,2024
100760,Central Alabama Community College,AL,Public,2024
100812,Athens State University,AL,Public,2024
100830,Auburn University at Montgomery,AL,Public,2024
100858,Auburn University,AL,Public,2024
100937,Birmingham-Southern College,AL,Private not-for-profit,2024
101028,Chattahoochee Valley Community College,AL,Public,2024
101116,South University-Montgomery,AL,Private for-profit,2024
101143,Enterprise State Community College,AL,Public,2024
101161,Coastal Alabama Community College,AL,Public,2024
101189,Faulkner University,AL,Private not-for-profit,2024
101240,Gadsden State Community College,AL,Public,2024
101277,New Beginning College of Cosmetology,AL,Private for-profit,2024
101286,George C Wallace Community College-Dothan,AL,Public,2024
101295,George C Wallace State Community College-Hanceville,AL,Public,2024
101301,George C Wallace State Community College-Selma,AL,Public,2024
101365,Herzing University-Birmingham,AL,Private not-for-profit,2024
101435,Huntingdon College,AL,Private not-for-profit,2024
101453,Heritage Christian University,AL,Private not-for-profit,2024
101462,J. F. Drake State Community and Technical College,AL,Public,2024
101471,J F Ingram State Technical College,AL,Public,2024
101480,Jacksonville State University,AL,Public,2024
101505,Jefferson State Community College,AL,Public,2024
101514,John C Calhoun State Community College,AL,Public,2024
101569,Lawson State Community College,AL,Public,2024
101587,University of West Alabama,AL,Public,2024
101602,Lurleen B Wallace Community College,AL,Public,2024
101648,Marion Military Institute,AL,Public,2024
101675,Miles College,AL,Private not-for-profit,2024
101693,University of Mobile,AL,Private not-for-profit,2024
101709,University of Montevallo,AL,Public,2024
101736,Northwest Shoals Community College,AL,Public,2024
101879,University of North Alabama,AL,Public,2024
101897,Northeast Alabama Community College,AL,Public,2024
101912,Oakwood University,AL,Private not-for-profit,2024
101994,Reid State Technical College,AL,Public,2024
102030,Bishop State Community College,AL,Public,2024
102049,Samford University,AL,Private not-for-profit,2024
102058,Selma University,AL,Private not-for-profit,2024
102067,Shelton State Community College,AL,Public,2024
102076,Snead State Community College,AL,Public,2024
102094,University of South Alabama,AL,Public,2024
102234,Spring Hill College,AL,Private not-for-profit,2024
102270,Stillman College,AL,Private not-for-profit,2024
102298,Talladega College,AL,Private not-for-profit,2024
102313,H Councill Trenholm State Community College,AL,Public,2024
102368,Troy University,AL,Public,2024
102377,Tuskegee University,AL,Private not-for-profit,2024
102395,United States Sports University,AL,Private not-for-profit,2024
102429,Bevill State Community College,AL,Public,2024
102553,University of Alaska Anchorage,AK,Public,2024
102580,Alaska Bible College,AK,Private not-for-profit,2024
102614,University of Alaska Fairbanks,AK,Public,2024
102632,University of Alaska Southeast,AK,Public,2024
102669,Alaska Pacific University,AK,Private not-for-profit,2024
102711,Alaska Vocational Technical Center,AK,Public,2024
102845,Charter College,AK,Private for-profit,2024
103501,Alaska Career College,AK,Private for-profit,2024
103529,University of Alaska System of Higher Education,AK,Public,2024
103741,Empire Beauty School-Tucson,AZ,Private for-profit,2024
103893,Carrington College-Phoenix North,AZ,Private for-profit,2024
103909,Carrington College-Mesa,AZ,Private for-profit,2024
103927,Carrington College-Tucson,AZ,Private for-profit,2024
103954,Arizona Academy of Beauty,AZ,Private for-profit,2024
103963,Miller-Motte College-Arizona Automotive Institute,AZ,Private for-profit,2024
104090,Brookline College-Phoenix,AZ,Private for-profit,2024
104151,Arizona State University Campus Immersion,AZ,Public,2024
104160,Arizona Western College,AZ,Public,2024
104179,University of Arizona,AZ,Public,2024
104346,Central Arizona College,AZ,Public,2024
104391,Charles of Italy Beauty College,AZ,Private for-profit,2024
104425,Cochise County Community College District,AZ,Public,2024
104443,Empire Beauty School-Chandler,AZ,Private for-profit,2024
104568,Avalon Institute-Mesa,AZ,Private for-profit,2024
104577,Eastern Arizona College,AZ,Public,2024
104586,Embry-Riddle Aeronautical University-Prescott,AZ,Private not-for-profit,2024
104665,The School of Architecture,AZ,Private not-for-profit,2024
104708,Glendale Community College,AZ,Public,2024
104717,Grand Canyon University,AZ,Private for-profit,2024
105136,Maricopa Community College System Office,AZ,Public,2024
105145,GateWay Community College,AZ,Public,2024
105154,Mesa Community College,AZ,Public,2024
105206,Mohave Community College,AZ,Public,2024
105215,Universal Technical Institute-Phoenix,AZ,Private for-profit,2024
105297,Dine College,AZ,Public,2024
105330,Northern Arizona University,AZ,Public,2024
105349,Northland Pioneer College,AZ,Public,2024
105428,Phoenix College,AZ,Public,2024
105525,Pima Community College,AZ,Public,2024
105534,Pima Medical Institute-Tucson,AZ,Private for-profit,2024
105543,Pima Medical Institute-Albuquerque,NM,Private for-profit,2024
105589,Prescott College,AZ,Private not-for-profit,2024
105659,Refrigeration School Inc,AZ,Private for-profit,2024
105668,Rio Salado College,AZ,Public,2024
105677,Roberto-Venn School of Luthiery,AZ,Private for-profit,2024
105747,Scottsdale Community College,AZ,Public,2024
105792,South Mountain Community College,AZ,Public,2024
105899,Arizona Christian University,AZ,Private not-for-profit,2024
106041,Universal Technical Institute of Arizona Inc,AZ,Private for-profit,2024
106148,Yavapai College,AZ,Public,2024
106245,University of Arkansas at Little Rock,AR,Public,2024
106263,University of Arkansas for Medical Sciences,AR,Public,2024
106306,Arkansas Baptist College,AR,Private not-for-profit,2024
106315,Arkansas Beauty School-Little Rock,AR,Private for-profit,2024
106324,Arkansas Beauty College,AR,Private for-profit,2024
106342,Lyon College,AR,Private not-for-profit,2024
106351,Arkansas Technical School,AR,Private for-profit,2024
106397,University of Arkansas,AR,Public,2024
106412,University of Arkansas at Pine Bluff,AR,Public,2024
106449,Arkansas State University-Beebe,AR,Public,2024
106458,Arkansas State University,AR,Public,2024
106467,Arkansas Tech University,AR,Public,2024
106485,University of Arkansas at Monticello,AR,Public,2024
106494,Arthur's Beauty College,AR,Private for-profit,2024
106546,Baptist Health College Little Rock,AR,Private not-for-profit,2024
106625,Black River Technical College,AR,Public,2024
106704,University of Central Arkansas,AR,Public,2024
106713,Central Baptist College,AR,Private not-for-profit,2024
106795,Cossatot Community College of the University of Arkansas,AR,Public,2024
106810,Crowley's Ridge College,AR,Private not-for-profit,2024
106883,East Arkansas Community College,AR,Public,2024
106908,Paul Mitchell the School-Little Rock,AR,Private for-profit,2024
106980,National Park College,AR,Public,2024
106999,University of Arkansas Community College-Batesville,AR,Public,2024
107044,Harding University,AR,Private not-for-profit,2024
107071,Henderson State University,AR,Public,2024
107080,Hendrix College,AR,Private not-for-profit,2024
107099,Hot Springs Beauty College,AR,Private for-profit,2024
107123,Jefferson Regional School of Nursing,AR,Private not-for-profit,2024
107141,John Brown University,AR,Private not-for-profit,2024
107220,Career Academy of Hair Design,AR,Private for-profit,2024
107293,Academy of Salon and Spa,AR,Private for-profit,2024
107318,Arkansas State University Mid-South,AR,Public,2024
107327,Arkansas Northeastern College,AR,Public,2024
107442,New Tyler Barber College Inc,AR,Private for-profit,2024
107460,North Arkansas College,AR,Public,2024
107488,Northwest Technical Institute,AR,Public,2024
107512,Ouachita Baptist University,AR,Private not-for-profit,2024
107521,Arkansas State University Three Rivers,AR,Public,2024
107549,Ozarka College,AR,Public,2024
107558,University of the Ozarks,AR,Private not-for-profit,2024
107585,University of Arkansas Community College-Morrilton,AR,Public,2024
107600,Philander Smith University,AR,Private not-for-profit,2024
107619,Phillips Community College of the University of Arkansas,AR,Public,2024
107637,Southeast Arkansas College,AR,Public,2024
107655,University of Aesthetics & Cosmetology,AR,Private for-profit,2024
107664,University of Arkansas-Pulaski Technical College,AR,Public,2024
107725,University of Arkansas Hope-Texarkana,AR,Public,2024
107743,University of Arkansas Community College Rich Mountain,AR,Public,2024
107789,Paul Mitchell the School-Arkansas,AR,Private for-profit,2024
107831,Searcy Beauty College,AR,Private for-profit,2024
107840,Shorter College,AR,Private not-for-profit,2024
107877,Williams Baptist University,AR,Private not-for-profit,2024
107974,South Arkansas College,AR,Public,2024
107983,Southern Arkansas University Main Campus,AR,Public,2024
107992,Southern Arkansas University Tech,AR,Public,2024
108056,University of Arkansas System Office,AR,Public,2024
108065,Velvatex College of Beauty Culture,AR,Private for-profit,2024
108092,University of Arkansas-Fort Smith,AR,Public,2024
108232,Academy of Art University,CA,Private for-profit,2024
108269,Academy of Chinese Culture and Health Sciences,CA,Private not-for-profit,2024
108667,College of Alameda,CA,Public,2024
108807,Allan Hancock College,CA,Public,2024
108852,American Academy of Dramatic Arts-Los Angeles,CA,Private not-for-profit,2024
108861,Berkeley School of Theology,CA,Private not-for-profit,2024
108870,American Film Institute Conservatory,CA,Private not-for-profit,2024
108977,American Beauty College,CA,Private for-profit,2024
109040,American Career College-Los Angeles,CA,Private for-profit,2024
109208,American River College,CA,Public,2024
109350,Antelope Valley Community College District,CA,Public,2024
109651,Art Center College of Design,CA,Private not-for-profit,2024
109721,Associated Technical College-Los Angeles,CA,Private for-profit,2024
109730,Associated Technical College-San Diego,CA,Private for-profit,2024
109785,Azusa Pacific University,CA,Private not-for-profit,2024
109819,Bakersfield College,CA,Public,2024
109907,Barstow Community College,CA,Public,2024
109934,Bellus Academy-Chula Vista,CA,Private for-profit,2024
110060,Bethesda University,CA,Private not-for-profit,2024
110097,Biola University,CA,Private not-for-profit,2024
110194,Brownson Technical School,CA,Private for-profit,2024
110219,Bryan University,AZ,Private for-profit,2024
110246,Butte College,CA,Public,2024
110316,California Institute of Integral Studies,CA,Private not-for-profit,2024
110334,Cabrillo College,CA,Public,2024
110361,California Baptist University,CA,Private not-for-profit,2024
110370,California College of the Arts,CA,Private not-for-profit,2024
110398,University of California College of the Law-San Francisco,CA,Public,2024
110404,California Institute of Technology,CA,Private not-for-profit,2024
110413,California Lutheran University,CA,Private not-for-profit,2024
110422,California Polytechnic State University-San Luis Obispo,CA,Public,2024
110468,Alliant International University-San Diego,CA,Private for-profit,2024
110486,California State University-Bakersfield,CA,Public,2024
110495,California State University-Stanislaus,CA,Public,2024
110501,California State University-Chancellors Office,CA,Public,2024
110510,California State University-San Bernardino,CA,Public,2024
110529,California State Polytechnic University-Pomona,CA,Public,2024
110538,California State University-Chico,CA,Public,2024
110547,California State University-Dominguez Hills,CA,Public,2024
110556,California State University-Fresno,CA,Public,2024
110565,California State University-Fullerton,CA,Public,2024
110574,California State University-East Bay,CA,Public,2024
110583,California State University-Long Beach,CA,Public,2024
110592,California State University-Los Angeles,CA,Public,2024
110608,California State University-Northridge,CA,Public,2024
110617,California State University-Sacramento,CA,Public,2024
110635,University of California-Berkeley,CA,Public,2024
110644,University of California-Davis,CA,Public,2024
110653,University of California-Irvine,CA,Public,2024
110662,University of California-Los Angeles,CA,Public,2024
110671,University of California-Riverside,CA,Public,2024
110680,University of California-San Diego,CA,Public,2024
110699,University of California-San Francisco,CA,Public,2024
110705,University of California-Santa Barbara,CA,Public,2024
110714,University of California-Santa Cruz,CA,Public,2024
110778,Sofia University,CA,Private for-profit,2024
110875,California Beauty College,CA,Private for-profit,2024
111045,Haven University,CA,Private not-for-profit,2024
111054,California Hair Design Academy,CA,Private for-profit,2024
111081,California Institute of the Arts,CA,Private not-for-profit,2024
111188,California State University Maritime Academy,CA,Public,2024
111391,California Western School of Law,CA,Private not-for-profit,2024
111434,Canada College,CA,Public,2024
111461,College of the Canyons,CA,Public,2024
111513,Career Academy of Beauty,CA,Private for-profit,2024
111638,Casa Loma College-Los Angeles,CA,Private not-for-profit,2024
111708,CET-San Diego,CA,Private not-for-profit,2024
111717,CET-San Jose,CA,Private not-for-profit,2024
111726,CET-El Centro,CA,Private not-for-profit,2024
111744,CET-Colton,CA,Private not-for-profit,2024
111762,CET-Watsonville,CA,Private not-for-profit,2024
111799,CET-Salinas,CA,Private not-for-profit,2024
111887,Cerritos College,CA,Public,2024
111896,Cerro Coso Community College,CA,Public,2024
111920,Chabot College,CA,Public,2024
111939,Chaffey College,CA,Public,2024
111948,Chapman University,CA,Private not-for-profit,2024
111966,Charles R Drew University of Medicine and Science,CA,Private not-for-profit,2024
112075,Concordia University-Irvine,CA,Private not-for-profit,2024
112084,San Diego Christian College,CA,Private not-for-profit,2024
112127,Church Divinity School of the Pacific,CA,Private not-for-profit,2024
112172,Citrus College,CA,Public,2024
112181,Citrus Heights Beauty College,CA,Private for-profit,2024
112190,City College of San Francisco,CA,Public,2024
112251,Claremont Graduate University,CA,Private not-for-profit,2024
112260,Claremont McKenna College,CA,Private not-for-profit,2024
112288,Milan Institute-Visalia,CA,Private for-profit,2024
112367,Clovis Adult Education,CA,Public,2024
112376,Coast Community College District Office,CA,Public,2024
112385,Coastline Community College,CA,Public,2024
112394,University of Silicon Valley,CA,Private for-profit,2024
112455,Coba Academy,CA,Private for-profit,2024
112525,Western University of Health Sciences,CA,Private not-for-profit,2024
112561,Columbia College,CA,Public,2024
112570,California College of ASU,CA,Private not-for-profit,2024
112686,Compton College,CA,Public,2024
112817,Contra Costa Community College District Office,CA,Public,2024
112826,Contra Costa College,CA,Public,2024
113096,Cosumnes River College,CA,Public,2024
113111,Crafton Hills College,CA,Public,2024
113193,Cuesta College,CA,Public,2024
113218,Cuyamaca College,CA,Public,2024
113236,Cypress College,CA,Public,2024
113333,De Anza College,CA,Public,2024
113449,International School of Beauty Inc,CA,Private for-profit,2024
113573,College of the Desert,CA,Public,2024
113582,Design Institute of San Diego,CA,Private for-profit,2024
113616,DHARMA REALM BUDDHIST UNIVERSITY,CA,Private not-for-profit,2024
113634,Diablo Valley College,CA,Public,2024
113698,Dominican University of California,CA,Private not-for-profit,2024
113704,Dominican School of Philosophy & Theology,CA,Private not-for-profit,2024
113856,East Los Angeles College,CA,Public,2024
113980,El Camino Community College District,CA,Public,2024
114114,Emperor's College of Traditional Oriental Medicine,CA,Private for-profit,2024
114266,Evergreen Valley College,CA,Public,2024
114354,FIDM-Fashion Institute of Design & Merchandising,CA,Private for-profit,2024
114433,Feather River Community College District,CA,Public,2024
114460,Federico Beauty Institute,CA,Private for-profit,2024
114549,Fielding Graduate University,CA,Private not-for-profit,2024
114585,Five Branches University,CA,Private for-profit,2024
114637,Redondo Beach Beauty College,CA,Private for-profit,2024
114716,Foothill College,CA,Public,2024
114734,Franciscan School of Theology,CA,Private not-for-profit,2024
114761,Fredrick and Charles Beauty College,CA,Private for-profit,2024
114789,Fresno City College,CA,Public,2024
114813,Fresno Pacific University,CA,Private not-for-profit,2024
114831,Foothill-De Anza Community College District,CA,Public,2024
114840,Fuller Theological Seminary,CA,Private not-for-profit,2024
114859,Fullerton College,CA,Public,2024
114938,Gavilan College,CA,Public,2024
114947,Gemological Institute of America-Carlsbad,CA,Private not-for-profit,2024
115001,Glendale Community College,CA,Public,2024
115010,Glendale Career College,CA,Private for-profit,2024
115083,Golden Gate University,CA,Private not-for-profit,2024
115126,Golden West College,CA,Public,2024
115214,Graduate Theological Union,CA,Private not-for-profit,2024
115287,Grossmont-Cuyamaca Community College District,CA,Public,2024
115296,Grossmont College,CA,Public,2024
115357,Salon Success Academy-Riverside,CA,Private for-profit,2024
115393,Hartnell College,CA,Public,2024
115409,Harvey Mudd College,CA,Private not-for-profit,2024
115658,Hilltop Beauty School,CA,Private for-profit,2024
115746,Pacifica Graduate Institute,CA,Private for-profit,2024
115755,California State Polytechnic University-Humboldt,CA,Public,2024
115773,Humphreys University-Stockton and Modesto Campuses,CA,Private not-for-profit,2024
115861,Imperial Valley College,CA,Public,2024
115931,Institute for Business and Technology,CA,Private for-profit,2024
116226,Interior Designers Institute,CA,Private for-profit,2024
116439,Irvine Valley College,CA,Public,2024
116563,Bellus Academy-El Cajon,CA,Private for-profit,2024
116846,American Jewish University,CA,Private not-for-profit,2024
117052,Reedley College,CA,Public,2024
117104,Life Pacific University,CA,Private not-for-profit,2024
117140,University of La Verne,CA,Private not-for-profit,2024
117168,Laguna College of Art and Design,CA,Private not-for-profit,2024
117195,Lake Tahoe Community College,CA,Public,2024
117238,Lancaster Beauty School,CA,Private for-profit,2024
117247,Laney College,CA,Public,2024
117274,Lassen Community College,CA,Public,2024
117283,Latin American Bible Institute,CA,Private not-for-profit,2024
117520,Life Chiropractic College West,CA,Private not-for-profit,2024
117557,Lincoln University,CA,Private not-for-profit,2024
117575,Southern California Seminary,CA,Private not-for-profit,2024
117627,La Sierra University,CA,Private not-for-profit,2024
117636,Loma Linda University,CA,Private not-for-profit,2024
117645,Long Beach City College,CA,Public,2024
117672,Southern California University of Health Sciences,CA,Private not-for-profit,2024
117681,Los Angeles Community College District Office,CA,Public,2024
117690,Los Angeles Harbor College,CA,Public,2024
117706,Los Angeles Pierce College,CA,Public,2024
117715,Los Angeles Southwest College,CA,Public,2024
117724,Los Angeles Trade Technical College,CA,Public,2024
117733,Los Angeles Valley College,CA,Public,2024
117751,The Master's University and Seminary,CA,Private not-for-profit,2024
117788,Los Angeles City College,CA,Public,2024
117803,Los Angeles County College of Nursing and Allied Health,CA,Public,2024
117867,Los Angeles Mission College,CA,Public,2024
117894,Los Medanos College,CA,Public,2024
117900,Los Rios Community College District Office,CA,Public,2024
117946,Loyola Marymount University,CA,Private not-for-profit,2024
117955,Lu Ross Academy,CA,Private for-profit,2024
118134,Lyle's College of Beauty,CA,Private for-profit,2024
118143,Lyle's College of  Beauty,CA,Private for-profit,2024
118161,Lytles Redwood Empire Beauty College,CA,Private for-profit,2024
118198,MTI College,CA,Private for-profit,2024
118347,College of Marin,CA,Public,2024
118684,Mendocino College,CA,Public,2024
118693,Menlo College,CA,Private not-for-profit,2024
118718,Merced College,CA,Public,2024
118772,Merritt College,CA,Public,2024
118888,Northeastern University Oakland,CA,Private not-for-profit,2024
118912,MiraCosta College,CA,Public,2024
118930,Mission College,CA,Public,2024
118958,Modern Beauty Academy,CA,Private for-profit,2024
118976,Modesto Junior College,CA,Public,2024
118994,Moler Barber College,CA,Private for-profit,2024
119058,Middlebury Institute of International Studies at Monterey,CA,Private not-for-profit,2024
119067,Monterey Peninsula College,CA,Public,2024
119137,Moorpark College,CA,Public,2024
119164,Mt San Antonio College,CA,Public,2024
119173,Mount Saint Mary's University,CA,Private not-for-profit,2024
119216,Mt San Jacinto Community College District,CA,Public,2024
119270,Musicians Institute,CA,Private for-profit,2024
119331,Napa Valley College,CA,Public,2024
119553,National Holistic Institute,CA,Private for-profit,2024
119605,National University,CA,Private not-for-profit,2024
119678,Naval Postgraduate School,CA,Public,2024
119775,Newschool of Architecture and Design,CA,Private for-profit,2024
119951,North Adrian's College of Beauty Inc,CA,Private for-profit,2024
120023,North Orange County Community College District,CA,Public,2024
120069,North-West College-Pomona,CA,Private for-profit,2024
120078,North-West College-West Covina,CA,Private for-profit,2024
120087,North-West College-Van Nuys,CA,Private for-profit,2024
120166,San Francisco Bay University,CA,Private not-for-profit,2024
120184,Notre Dame de Namur University,CA,Private not-for-profit,2024
120254,Occidental College,CA,Private not-for-profit,2024
120290,Ohlone College,CA,Public,2024
120342,Orange Coast College,CA,Public,2024
120403,Otis College of Art and Design,CA,Private not-for-profit,2024
120421,Oxnard College,CA,Public,2024
120537,Hope International University,CA,Private not-for-profit,2024
120661,Concorde Career College-San Diego,CA,Private for-profit,2024
120698,Palo Alto University,CA,Private not-for-profit,2024
120768,Pacific Oaks College,CA,Private not-for-profit,2024
120795,Pacific School of Religion,CA,Private not-for-profit,2024
120838,Pacific States University,CA,Private not-for-profit,2024
120865,Pacific Union College,CA,Private not-for-profit,2024
120883,University of the Pacific,CA,Private not-for-profit,2024
120953,Palo Verde College,CA,Public,2024
120971,Palomar College,CA,Public,2024
121044,Pasadena City College,CA,Public,2024
121150,Pepperdine University,CA,Private not-for-profit,2024
121178,Peralta Community College System Office,CA,Public,2024
121257,Pitzer College,CA,Private not-for-profit,2024
121309,Point Loma Nazarene University,CA,Private not-for-profit,2024
121345,Pomona College,CA,Private not-for-profit,2024
121363,Porterville College,CA,Public,2024
121433,Professional Institute of Beauty,CA,Private for-profit,2024
121619,Santa Ana College,CA,Public,2024
121628,RAND School of Public Policy,CA,Private not-for-profit,2024
121637,Shasta School of Cosmetology,CA,Private for-profit,2024
121691,University of Redlands,CA,Private not-for-profit,2024
121707,College of the Redwoods,CA,Public,2024
121859,Salon Success Academy-Upland,CA,Private for-profit,2024
121868,Salon Success Academy-Corona,CA,Private for-profit,2024
121886,Rio Hondo College,CA,Public,2024
121901,Riverside City College,CA,Public,2024
122117,Dongguk University Los Angeles,CA,Private not-for-profit,2024
122180,Sacramento City College,CA,Public,2024
122205,Saddleback College,CA,Public,2024
122296,Samuel Merritt University,CA,Private not-for-profit,2024
122320,San Diego Community College District-District Office,CA,Public,2024
122339,San Diego City College,CA,Public,2024
122375,San Diego Mesa College,CA,Public,2024
122384,San Diego Miramar College,CA,Public,2024
122409,San Diego State University,CA,Public,2024
122436,University of San Diego,CA,Private not-for-profit,2024
122506,San Francisco Conservatory of Music,CA,Private not-for-profit,2024
122597,San Francisco State University,CA,Public,2024
122612,University of San Francisco,CA,Private not-for-profit,2024
122649,San Joaquin College of Law,CA,Private not-for-profit,2024
122658,San Joaquin Delta College,CA,Public,2024
122685,San Joaquin Valley College-Visalia,CA,Private for-profit,2024
122694,San Joaquin Valley College-Bakersfield,CA,Private for-profit,2024
122728,William Jessup University,CA,Private not-for-profit,2024
122737,San Jose-Evergreen Community College District,CA,Public,2024
122746,San Jose City College,CA,Public,2024
122755,San Jose State University,CA,Public,2024
122782,San Mateo County Community College District Office,CA,Public,2024
122791,College of San Mateo,CA,Public,2024
122889,Santa Barbara City College,CA,Public,2024
122931,Santa Clara University,CA,Private not-for-profit,2024
122977,Santa Monica College,CA,Public,2024
123013,Santa Rosa Junior College,CA,Public,2024
123095,Saybrook University,CA,Private not-for-profit,2024
123165,Scripps College,CA,Private not-for-profit,2024
123217,College of the Sequoias,CA,Public,2024
123280,Shasta Bible College and Graduate School,CA,Private not-for-profit,2024
123299,Shasta College,CA,Public,2024
123341,Sierra College,CA,Public,2024
123350,Sierra College of Beauty,CA,Private for-profit,2024
123448,Trinity Law School,CA,Private not-for-profit,2024
123457,Simpson University,CA,Private not-for-profit,2024
123484,College of the Siskiyous,CA,Public,2024
123493,Charles A Jones Career and Education Center,CA,Public,2024
123509,Skyline College,CA,Public,2024
123527,San Bernardino Valley College,CA,Public,2024
123554,Saint Mary's College of California,CA,Private not-for-profit,2024
123563,Solano Community College,CA,Public,2024
123572,Sonoma State University,CA,Public,2024
123633,South Baylo University,CA,Private not-for-profit,2024
123642,South Coast College,CA,Private for-profit,2024
123651,Vanguard University of Southern California,CA,Private not-for-profit,2024
123679,Concorde Career College-Garden Grove,CA,Private for-profit,2024
123800,Southwestern College,CA,Public,2024
123916,Starr King School for the Ministry,CA,Private not-for-profit,2024
123925,State Center Community College District,CA,Public,2024
123943,Marshall B Ketchum University,CA,Private not-for-profit,2024
123952,Southern California Institute of Architecture,CA,Private not-for-profit,2024
123961,University of Southern California,CA,Private not-for-profit,2024
123970,Southwestern Law School,CA,Private not-for-profit,2024
124113,Taft College,CA,Public,2024
124283,Claremont School of Theology,CA,Private not-for-profit,2024
124292,Thomas Aquinas College,CA,Private not-for-profit,2024
124487,Epic Bible College & Graduate School,CA,Private not-for-profit,2024
124557,University of California-System Administration Central Office,CA,Public,2024
124681,UEI College-Huntington Park,CA,Private for-profit,2024
124706,Concorde Career College-San Bernardino,CA,Private for-profit,2024
124937,Concorde Career College-North Hollywood,CA,Private for-profit,2024
125019,Ventura County Community College System Office,CA,Public,2024
125028,Ventura College,CA,Public,2024
125037,The Colleges of Law at Ventura,CA,Private not-for-profit,2024
125082,Bridges Beauty College,CA,Private for-profit,2024
125091,Victor Valley College,CA,Public,2024
125170,Berkeley City College,CA,Public,2024
125222,West Valley Mission Community College District Office,CA,Public,2024
125231,Walden University,MN,Private for-profit,2024
125310,Waynes College of Beauty,CA,Private for-profit,2024
125462,Coalinga College,CA,Public,2024
125471,West Los Angeles College,CA,Public,2024
125499,West Valley College,CA,Public,2024
125532,Carrington College-Sacramento,CA,Private for-profit,2024
125718,Westminster Theological Seminary in California,CA,Private not-for-profit,2024
125727,Westmont College,CA,Private not-for-profit,2024
125763,Whittier College,CA,Private not-for-profit,2024
125897,Woodbury University,CA,Private not-for-profit,2024
126012,The Wright Institute,CA,Private not-for-profit,2024
126049,Thomas Jefferson School of Law,CA,Private not-for-profit,2024
126076,Yeshiva Ohr Elchonon Chabad West Coast Talmudical Seminary,CA,Private not-for-profit,2024
126100,Yosemite Community College District Office,CA,Public,2024
126119,Yuba College,CA,Public,2024
126182,Adams State University,CO,Public,2024
126207,Aims Community College,CO,Public,2024
126289,Arapahoe Community College,CO,Public,2024
126359,Bel-Rea Institute of Animal Technology,CO,Private for-profit,2024
126562,University of Colorado Denver/Anschutz Medical Campus,CO,Public,2024
126580,University of Colorado Colorado Springs,CO,Public,2024
126605,Spartan College of Aeronautics and Technology,CO,Private for-profit,2024
126614,University of Colorado Boulder,CO,Public,2024
126669,Colorado Christian University,CO,Private not-for-profit,2024
126678,Colorado College,CO,Private not-for-profit,2024
126687,Concorde Career College-Aurora,CO,Private for-profit,2024
126711,Colorado Mountain College,CO,Public,2024
126748,Colorado Northwestern Community College,CO,Public,2024
126775,Colorado School of Mines,CO,Public,2024
126784,Colorado School of Trades,CO,Private for-profit,2024
126818,Colorado State University-Fort Collins,CO,Public,2024
126827,Colorado Technical University-Colorado Springs,CO,Private for-profit,2024
126863,Community College of Aurora,CO,Public,2024
126915,Technical College of the Rockies,CO,Public,2024
126942,Community College of Denver,CO,Public,2024
126951,Lincoln College of Technology-Denver,CO,Private for-profit,2024
126979,Denver Seminary,CO,Private not-for-profit,2024
127060,University of Denver,CO,Private not-for-profit,2024
127158,Emily Griffith Technical College,CO,Public,2024
127185,Fort Lewis College,CO,Public,2024
127200,Front Range Community College,CO,Public,2024
127273,Iliff School of Theology,CO,Private not-for-profit,2024
127316,International Salon and Spa Academy,CO,Private for-profit,2024
127389,Lamar Community College,CO,Public,2024
127556,Colorado Mesa University,CO,Public,2024
127565,Metropolitan State University of Denver,CO,Public,2024
127617,Morgan Community College,CO,Public,2024
127653,Naropa University,CO,Private not-for-profit,2024
127714,Nazarene Bible College,CO,Private not-for-profit,2024
127732,Northeastern Junior College,CO,Public,2024
127741,University of Northern Colorado,CO,Public,2024
127778,Otero College,CO,Public,2024
127820,Pikes Peak State College,CO,Public,2024
127884,Pueblo Community College,CO,Public,2024
127909,Red Rocks Community College,CO,Public,2024
127918,Regis University,CO,Private not-for-profit,2024
127945,Rocky Mountain College of Art and Design,CO,Private for-profit,2024
127954,Montessori Education Center of the Rockies,CO,Private not-for-profit,2024
128106,Colorado State University Pueblo,CO,Public,2024
128151,Pickens Technical College,CO,Public,2024
128179,Intellitec College-Colorado Springs,CO,Private for-profit,2024
128188,Intellitec College-Grand Junction,CO,Private for-profit,2024
128258,Trinidad State College,CO,Public,2024
128300,University of Colorado System Office,CO,Public,2024
128328,United States Air Force Academy,CO,Public,2024
128337,Empire Beauty School-Thornton,CO,Private for-profit,2024
128391,Western Colorado University,CO,Public,2024
128498,Albertus Magnus College,CT,Private not-for-profit,2024
128586,Bais Binyomin Academy,NY,Private not-for-profit,2024
128744,University of Bridgeport,CT,Private not-for-profit,2024
128771,Central Connecticut State University,CT,Public,2024
128780,Charter Oak State College,CT,Public,2024
128896,Cortiva Institute,CT,Private for-profit,2024
128902,Connecticut College,CT,Private not-for-profit,2024
129002,Porter & Chester Institute of Hamden,CT,Private for-profit,2024
129020,University of Connecticut,CT,Public,2024
129154,Goodwin University,CT,Private not-for-profit,2024
129181,Lincoln Technical Institute-East Windsor,CT,Private for-profit,2024
129215,Eastern Connecticut State University,CT,Public,2024
129242,Fairfield University,CT,Private not-for-profit,2024
129349,Paul Mitchell the School-North Haven,CT,Private for-profit,2024
129367,Connecticut State Community College,CT,Public,2024
129428,Rensselaer at Hartford,CT,Private not-for-profit,2024
129482,American Institute-West Hartford,CT,Private for-profit,2024
129491,Hartford International University for Religion and Peace,CT,Private not-for-profit,2024
129525,University of Hartford,CT,Private not-for-profit,2024
129534,Holy Apostles College and Seminary,CT,Private not-for-profit,2024
129774,Mitchell College,CT,Private not-for-profit,2024
129923,Lincoln Technical Institute-New Britain,CT,Private for-profit,2024
129932,New England Tractor Trailer Training School of Connecticut,CT,Private for-profit,2024
129941,University of New Haven,CT,Private not-for-profit,2024
130110,Paier College,CT,Private for-profit,2024
130174,Porter & Chester Institute,CT,Private for-profit,2024
130183,Post University,CT,Private for-profit,2024
130226,Quinnipiac University,CT,Private not-for-profit,2024
130253,Sacred Heart University,CT,Private not-for-profit,2024
130314,University of Saint Joseph,CT,Private not-for-profit,2024
130493,Southern Connecticut State University,CT,Public,2024
130590,Trinity College,CT,Private not-for-profit,2024
130624,United States Coast Guard Academy,CT,Public,2024
130697,Wesleyan University,CT,Private not-for-profit,2024
130776,Western Connecticut State University,CT,Public,2024
130794,Yale University,CT,Private not-for-profit,2024
130837,Margaret H Rollins School of Nursing at Beebe Medical Center,DE,Private not-for-profit,2024
130873,Dawn Career Institute LLC,DE,Private for-profit,2024
130882,Delaware Technical Community College-Central Office,DE,Public,2024
130907,Delaware Technical Community College-Terry,DE,Public,2024
130934,Delaware State University,DE,Public,2024
130943,University of Delaware,DE,Public,2024
130989,Goldey-Beacom College,DE,Private not-for-profit,2024
131061,Schilling-Douglas School of Hair Design,DE,Private for-profit,2024
131113,Wilmington University,DE,Private not-for-profit,2024
131159,American University,DC,Private not-for-profit,2024
131283,The Catholic University of America,DC,Private not-for-profit,2024
131399,University of the District of Columbia,DC,Public,2024
131405,Pontifical Faculty of the Immaculate Conception at the Dominican House of Studies,DC,Private not-for-profit,2024
131450,Gallaudet University,DC,Private not-for-profit,2024
131469,George Washington University,DC,Private not-for-profit,2024
131496,Georgetown University,DC,Private not-for-profit,2024
131520,Howard University,DC,Private not-for-profit,2024
131803,Strayer University-District of Columbia,DC,Private for-profit,2024
131830,National Conservatory of Dramatic Arts,DC,Private not-for-profit,2024
131876,Trinity Washington University,DC,Private not-for-profit,2024
131973,Wesley Theological Seminary,DC,Private not-for-profit,2024
132374,Atlantic Technical College,FL,Public,2024
132408,Baptist University of Florida,FL,Private not-for-profit,2024
132471,Barry University,FL,Private not-for-profit,2024
132602,Bethune-Cookman University,FL,Private not-for-profit,2024
132657,Lynn University,FL,Private not-for-profit,2024
132675,North Florida Technical College,FL,Public,2024
132693,Eastern Florida State College,FL,Public,2024
132709,Broward College,FL,Public,2024
132842,Albizu University-Miami,FL,Private not-for-profit,2024
132851,College of Central Florida,FL,Public,2024
132879,Johnson University Florida,FL,Private not-for-profit,2024
132903,University of Central Florida,FL,Public,2024
132976,Charlotte Technical College,FL,Public,2024
133021,Chipola College,FL,Public,2024
133155,Lorenzo Walker Technical College,FL,Public,2024
133386,Daytona State College,FL,Public,2024
133465,South University-West Palm Beach,FL,Private for-profit,2024
133492,Eckerd College,FL,Private not-for-profit,2024
133508,Florida SouthWestern State College,FL,Public,2024
133526,Edward Waters University,FL,Private not-for-profit,2024
133553,Embry-Riddle Aeronautical University-Daytona Beach,FL,Private not-for-profit,2024
133650,Florida Agricultural and Mechanical University,FL,Public,2024
133669,Florida Atlantic University,FL,Public,2024
133702,Florida State College at Jacksonville,FL,Public,2024
133711,Flagler College,FL,Private not-for-profit,2024
133809,Florida College,FL,Private not-for-profit,2024
133845,Concorde Career Institute-Jacksonville,FL,Private for-profit,2024
133854,Concorde Career Institute-Miramar,FL,Private for-profit,2024
133863,Concorde Career Institute-Tampa,FL,Private for-profit,2024
133872,AdventHealth University,FL,Private not-for-profit,2024
133881,Florida Institute of Technology,FL,Private not-for-profit,2024
133951,Florida International University,FL,Public,2024
133960,The College of the Florida Keys,FL,Public,2024
133979,Florida Memorial University,FL,Private not-for-profit,2024
133997,Florida Career College-Miami,FL,Private for-profit,2024
134024,Florida School of Massage,FL,Private for-profit,2024
134079,Florida Southern College,FL,Private not-for-profit,2024
134097,Florida State University,FL,Public,2024
134130,University of Florida,FL,Public,2024
134228,Fort Pierce Beauty Academy,FL,Private for-profit,2024
134237,Full Sail University,FL,Private for-profit,2024
134291,George Stone Technical College,FL,Public,2024
134307,George T Baker Aviation Technical College,FL,Public,2024
134343,Gulf Coast State College,FL,Public,2024
134422,Key College,FL,Private for-profit,2024
134495,Hillsborough Community College,FL,Public,2024
134510,Hobe Sound Bible College,FL,Private not-for-profit,2024
134529,Hollywood Institute of Beauty Careers,FL,Private for-profit,2024
134574,Cortiva Institute,FL,Private for-profit,2024
134608,Indian River State College,FL,Public,2024
134714,International Academy,FL,Private for-profit,2024
134945,Jacksonville University,FL,Private not-for-profit,2024
135081,Keiser University-Ft Lauderdale,FL,Private not-for-profit,2024
135142,La Belle Beauty School,FL,Private for-profit,2024
135160,Florida Gateway College,FL,Public,2024
135179,Lake Technical College,FL,Public,2024
135188,Lake-Sumter State College,FL,Public,2024
135267,Fort Myers Technical College,FL,Public,2024
135276,Lively Technical College,FL,Public,2024
135294,Lindsey Hopkins Technical College,FL,Public,2024
135337,Loraines Academy & Spa,FL,Private for-profit,2024
135364,Luther Rice College & Seminary,GA,Private not-for-profit,2024
135391,State College of Florida-Manatee-Sarasota,FL,Public,2024
135407,Manatee Technical College,FL,Public,2024
135522,Traviss Technical College,FL,Public,2024
135559,Merryfield Academy,FL,Private for-profit,2024
135610,Trinity International University-Florida,FL,Private not-for-profit,2024
135647,Miami Lakes Educational Center and Technical College,FL,Public,2024
135717,Miami Dade College,FL,Public,2024
135726,University of Miami,FL,Private not-for-profit,2024
135735,Orange Technical College-South Campus,FL,Public,2024
136109,Paul Mitchell the School-Jacksonville,FL,Private for-profit,2024
136145,North Florida College,FL,Public,2024
136172,University of North Florida,FL,Public,2024
136215,Nova Southeastern University,FL,Private not-for-profit,2024
136233,Northwest Florida State College,FL,Public,2024
136303,Orange Technical College,FL,Public,2024
136330,Palm Beach Atlantic University,FL,Private not-for-profit,2024
136358,Palm Beach State College,FL,Public,2024
136400,Pasco-Hernando State College,FL,Public,2024
136473,Pensacola State College,FL,Public,2024
136491,Pinellas Technical College-Clearwater,FL,Public,2024
136516,Polk State College,FL,Public,2024
136659,Radford M Locklin Technical College,FL,Public,2024
136701,Saint Vincent de Paul Regional Seminary,FL,Private not-for-profit,2024
136765,Ridge Technical College,FL,Public,2024
136774,Ringling College of Art and Design,FL,Private not-for-profit,2024
136826,Robert Morgan Educational Center and Technical College,FL,Public,2024
136950,Rollins College,FL,Private not-for-profit,2024
137023,First Coast Technical College,FL,Public,2024
137032,Saint Leo University,FL,Private not-for-profit,2024
137078,St Petersburg College,FL,Public,2024
137087,Pinellas Technical College-St. Petersburg,FL,Public,2024
137096,Santa Fe College,FL,Public,2024
137120,Suncoast Technical College,FL,Public,2024
137209,Seminole State College of Florida,FL,Public,2024
137245,Sheridan Technical College,FL,Public,2024
137272,St. John Vianney College Seminary,FL,Private not-for-profit,2024
137281,Saint Johns River State College,FL,Public,2024
137315,South Florida State College,FL,Public,2024
137351,University of South Florida,FL,Public,2024
137476,St. Thomas University,FL,Private not-for-profit,2024
137546,Stetson University,FL,Private not-for-profit,2024
137564,Southeastern University,FL,Private not-for-profit,2024
137591,Bene's Career Academy,FL,Private for-profit,2024
137713,Riveroak Technical College,FL,Public,2024
137759,Tallahassee State College,FL,Public,2024
137777,Talmudic College of Florida,FL,Private not-for-profit,2024
137847,The University of Tampa,FL,Private not-for-profit,2024
137856,Big Bend Technical College,FL,Public,2024
137865,Tom P. Haney Technical College,FL,Public,2024
137953,Trinity Baptist College,FL,Private not-for-profit,2024
137962,Trinity College of Florida,FL,Private not-for-profit,2024
138187,Valencia College,FL,Public,2024
138275,Warner University,FL,Private not-for-profit,2024
138284,Florida Panhandle Technical College,FL,Public,2024
138293,Webber International University,FL,Private not-for-profit,2024
138309,Rasmussen University-Florida,FL,Private for-profit,2024
138354,University of West Florida,FL,Public,2024
138372,Orange Technical College-West Campus,FL,Public,2024
138479,William T McFatter Technical College,FL,Public,2024
138488,Orange Technical College-East Campus,FL,Public,2024
138497,Withlacoochee Technical College,FL,Public,2024
138558,Abraham Baldwin Agricultural College,GA,Public,2024
138600,Agnes Scott College,GA,Private not-for-profit,2024
138655,Interactive College of Technology-Chamblee,GA,Private for-profit,2024
138664,Interactive College of Technology-Morrow,GA,Private for-profit,2024
138682,Albany Technical College,GA,Public,2024
138716,Albany State University,GA,Public,2024
138761,Andrew College,GA,Private not-for-profit,2024
138822,Georgia Career Institute,GA,Private for-profit,2024
138840,Atlanta Technical College,GA,Public,2024
138868,Point University,GA,Private not-for-profit,2024
138901,Atlanta Metropolitan State College,GA,Public,2024
138929,Atlanta's John Marshall Law School,GA,Private not-for-profit,2024
138938,Atlanta School of Massage,GA,Private for-profit,2024
138947,Clark Atlanta University,GA,Private not-for-profit,2024
138956,Augusta Technical College,GA,Public,2024
139144,Berry College,GA,Private not-for-profit,2024
139153,Beulah Heights University,GA,Private not-for-profit,2024
139199,Brenau University,GA,Private not-for-profit,2024
139205,Brewton-Parker College,GA,Private not-for-profit,2024
139250,College of Coastal Georgia,GA,Public,2024
139278,West Georgia Technical College,GA,Public,2024
139311,Clayton  State University,GA,Public,2024
139348,Columbia Theological Seminary,GA,Private not-for-profit,2024
139357,Columbus Technical College,GA,Public,2024
139366,Columbus State University,GA,Public,2024
139384,Georgia Northwestern Technical College,GA,Public,2024
139393,Covenant College,GA,Private not-for-profit,2024
139463,Dalton State College,GA,Public,2024
139506,Pro Way Hair School,GA,Private for-profit,2024
139579,South University-Savannah,GA,Private for-profit,2024
139621,East Georgia State College,GA,Public,2024
139630,Emmanuel University,GA,Private not-for-profit,2024
139658,Emory University,GA,Private not-for-profit,2024
139700,Georgia Highlands College,GA,Public,2024
139719,Fort Valley State University,GA,Public,2024
139746,Grady Health System Professional Schools,GA,Public,2024
139755,Georgia Institute of Technology-Main Campus,GA,Public,2024
139764,Georgia Southwestern State University,GA,Public,2024
139861,Georgia College & State University,GA,Public,2024
139931,Georgia Southern University,GA,Public,2024
139940,Georgia State University,GA,Public,2024
139959,University of Georgia,GA,Public,2024
139968,Gordon State College,GA,Public,2024
139986,Southern Crescent Technical College,GA,Public,2024
139995,Gupton Jones College of Funeral Service,GA,Private not-for-profit,2024
140003,Gwinnett College-Lilburn,GA,Private for-profit,2024
140012,Gwinnett Technical College,GA,Public,2024
140146,Interdenominational Theological Center,GA,Private not-for-profit,2024
140234,LaGrange College,GA,Private not-for-profit,2024
140243,Lanier Technical College,GA,Public,2024
140252,Life University,GA,Private not-for-profit,2024
140331,Chattahoochee Technical College,GA,Public,2024
140340,Herzing University-Atlanta,GA,Private not-for-profit,2024
140447,Mercer University,GA,Private not-for-profit,2024
140553,Morehouse College,GA,Private not-for-profit,2024
140562,Morehouse School of Medicine,GA,Private not-for-profit,2024
140571,Morris Brown College,GA,Private not-for-profit,2024
140678,North Georgia Technical College,GA,Public,2024
140696,Oglethorpe University,GA,Private not-for-profit,2024
140720,Paine College,GA,Private not-for-profit,2024
140818,Piedmont University,GA,Private not-for-profit,2024
140827,Miami Ad School-Atlanta,GA,Private for-profit,2024
140872,Reinhardt University,GA,Private not-for-profit,2024
140942,Savannah Technical College,GA,Public,2024
140951,Savannah College of Art and Design,GA,Private not-for-profit,2024
140960,Savannah State University,GA,Public,2024
140988,Shorter University,GA,Private not-for-profit,2024
141006,South Georgia Technical College,GA,Public,2024
141060,Spelman College,GA,Private not-for-profit,2024
141167,Thomas University,GA,Private not-for-profit,2024
141185,Toccoa Falls College,GA,Private not-for-profit,2024
141237,Truett McConnell University,GA,Private not-for-profit,2024
141255,Wiregrass Georgia Technical College,GA,Public,2024
141264,Valdosta State University,GA,Public,2024
141325,Wesleyan College,GA,Private not-for-profit,2024
141334,University of West Georgia,GA,Public,2024
141361,Young Harris College,GA,Private not-for-profit,2024
141486,Chaminade University of Honolulu,HI,Private not-for-profit,2024
141565,University of Hawaii at Hilo,HI,Public,2024
141574,University of Hawaii at Manoa,HI,Public,2024
141608,Hawaii Institute of Hair Design,HI,Private for-profit,2024
141644,Hawaii Pacific University,HI,Private not-for-profit,2024
141680,Honolulu Community College,HI,Public,2024
141796,Kapiolani Community College,HI,Public,2024
141802,Kauai Community College,HI,Public,2024
141811,Leeward Community College,HI,Public,2024
141839,University of Hawaii Maui College,HI,Public,2024
141963,University of Hawaii System Office,HI,Public,2024
141981,University of Hawaii-West Oahu,HI,Public,2024
141990,Windward Community College,HI,Public,2024
142054,Carrington College-Boise,ID,Private for-profit,2024
142090,Boise Bible College,ID,Private not-for-profit,2024
142115,Boise State University,ID,Public,2024
142179,College of Eastern Idaho,ID,Public,2024
142276,Idaho State University,ID,Public,2024
142285,University of Idaho,ID,Public,2024
142294,The College of Idaho,ID,Private not-for-profit,2024
142328,Lewis-Clark State College,ID,Public,2024
142407,Aveda Institute-Twin Falls,ID,Private for-profit,2024
142443,North Idaho College,ID,Public,2024
142461,Northwest Nazarene University,ID,Private not-for-profit,2024
142489,Nathan Layne Institute of Cosmetology,ID,Private for-profit,2024
142522,Brigham Young University-Idaho,ID,Private not-for-profit,2024
142559,College of Southern Idaho,ID,Public,2024
142832,Adler University,IL,Private not-for-profit,2024
142887,American Academy of Art College,IL,Private for-profit,2024
142957,American Islamic College,IL,Private not-for-profit,2024
143048,School of the Art Institute of Chicago,IL,Private not-for-profit,2024
143084,Augustana College,IL,Private not-for-profit,2024
143118,Aurora University,IL,Private not-for-profit,2024
143215,Southwestern Illinois College,IL,Public,2024
143233,Bethany Theological Seminary,IN,Private not-for-profit,2024
143279,Black Hawk College,IL,Public,2024
143288,Blackburn College,IL,Private not-for-profit,2024
143297,Blessing Rieman College of Nursing and Health Sciences,IL,Private not-for-profit,2024
143358,Bradley University,IL,Private not-for-profit,2024
143376,Paul Mitchell the School-Tinley Park,IL,Private for-profit,2024
143464,Cameo Beauty Academy,IL,Private for-profit,2024
143473,Cannella School of Hair Design-Villa Park,IL,Private for-profit,2024
143482,Cannella School of Hair Design-Chicago,IL,Private for-profit,2024
143491,Cannella School of Hair Design-Chicago,IL,Private for-profit,2024
143552,Capri Beauty College,IL,Private for-profit,2024
143613,Carl Sandburg College,IL,Public,2024
143659,Catholic Theological Union at Chicago,IL,Private not-for-profit,2024
143853,Midwestern University-Downers Grove,IL,Private not-for-profit,2024
143978,The Chicago School at Chicago,IL,Private not-for-profit,2024
144005,Chicago State University,IL,Public,2024
144014,Chicago Theological Seminary,IL,Private not-for-profit,2024
144050,University of Chicago,IL,Private not-for-profit,2024
144157,City Colleges of Chicago-Kennedy-King College,IL,Public,2024
144166,City Colleges of Chicago-Malcolm X College,IL,Public,2024
144175,City Colleges of Chicago-Olive-Harvey College,IL,Public,2024
144184,City Colleges of Chicago-Harry S Truman College,IL,Public,2024
144193,City Colleges of Chicago-Richard J Daley College,IL,Public,2024
144209,City Colleges of Chicago-Harold Washington College,IL,Public,2024
144218,City Colleges of Chicago-Wilbur Wright College,IL,Public,2024
144281,Columbia College Chicago,IL,Private not-for-profit,2024
144351,Concordia University-Chicago,IL,Private not-for-profit,2024
144500,City Colleges of Chicago-District Office,IL,Public,2024
144564,Danville Area Community College,IL,Public,2024
144573,Tricoci University of Beauty Culture,IL,Private for-profit,2024
144740,DePaul University,IL,Private not-for-profit,2024
144777,DeVry University-Administrative Office,IL,Private for-profit,2024
144795,Cosmetology & Spa Academy,IL,Private for-profit,2024
144865,College of DuPage,IL,Public,2024
144883,East-West University,IL,Private not-for-profit,2024
144892,Eastern Illinois University,IL,Public,2024
144944,Elgin Community College,IL,Public,2024
144962,Elmhurst University,IL,Private not-for-profit,2024
144971,Eureka College,IL,Private not-for-profit,2024
145099,"First Institute of Travel, Inc.",IL,Private for-profit,2024
145239,Fox College,IL,Private for-profit,2024
145275,Garrett-Evangelical Theological Seminary,IL,Private not-for-profit,2024
145309,Gem City College,IL,Private for-profit,2024
145336,Governors State University,IL,Public,2024
145354,Graham Hospital School of Nursing,IL,Private not-for-profit,2024
145372,Greenville University,IL,Private not-for-profit,2024
145406,G Skin & Beauty Institute,IL,Private for-profit,2024
145424,Hair Professionals Career College,IL,Private for-profit,2024
145433,Hair Professionals School of Cosmetology,IL,Private for-profit,2024
145497,Hebrew Theological College,IL,Private not-for-profit,2024
145521,Highland Community College,IL,Public,2024
145558,Rosalind Franklin University of Medicine and Science,IL,Private not-for-profit,2024
145600,University of Illinois Chicago,IL,Public,2024
145619,Benedictine University,IL,Private not-for-profit,2024
145628,Illinois College of Optometry,IL,Private not-for-profit,2024
145637,University of Illinois Urbana-Champaign,IL,Public,2024
145646,Illinois Wesleyan University,IL,Private not-for-profit,2024
145682,Illinois Central College,IL,Public,2024
145691,Illinois College,IL,Private not-for-profit,2024
145707,Illinois Eastern Community Colleges,IL,Public,2024
145725,Illinois Institute of Technology,IL,Private not-for-profit,2024
145813,Illinois State University,IL,Public,2024
145831,Illinois Valley Community College,IL,Public,2024
145886,Institute for Clinical Social Work,IL,Private not-for-profit,2024
146205,John A Logan College,IL,Public,2024
146278,John Wood Community College,IL,Public,2024
146296,Joliet Junior College,IL,Public,2024
146339,Judson University,IL,Private not-for-profit,2024
146348,Kankakee Community College,IL,Public,2024
146366,Kaskaskia College,IL,Public,2024
146418,Kishwaukee College,IL,Public,2024
146427,Knox College,IL,Private not-for-profit,2024
146454,Educators of Beauty College of Cosmetology-Peru,IL,Private for-profit,2024
146472,College of Lake County,IL,Public,2024
146481,Lake Forest College,IL,Private not-for-profit,2024
146490,Lake Forest Graduate School of Management,IL,Private not-for-profit,2024
146506,Lake Land College,IL,Public,2024
146533,Lakeview College of Nursing,IL,Private not-for-profit,2024
146603,Lewis and Clark Community College,IL,Public,2024
146612,Lewis University,IL,Private not-for-profit,2024
146667,Lincoln Christian University,IL,Private not-for-profit,2024
146685,Lincoln Land Community College,IL,Public,2024
146700,Lincoln College of Technology-Melrose Park,IL,Private for-profit,2024
146719,Loyola University Chicago,IL,Private not-for-profit,2024
146728,Lutheran School of Theology at Chicago,IL,Private not-for-profit,2024
146755,Trinity College of Nursing & Health Sciences,IL,Private not-for-profit,2024
146807,Steven Papageorge Hair Academy,IL,Private for-profit,2024
146816,Generations College,IL,Private not-for-profit,2024
146977,McCormick Theological Seminary,IL,Private not-for-profit,2024
147004,McHenry County College,IL,Public,2024
147013,McKendree University,IL,Private not-for-profit,2024
147031,Meadville Theological School of Lombard College,IL,Private not-for-profit,2024
147129,Methodist College,IL,Private not-for-profit,2024
147244,Millikin University,IL,Private not-for-profit,2024
147341,Monmouth College,IL,Private not-for-profit,2024
147369,Moody Bible Institute,IL,Private not-for-profit,2024
147378,Moraine Valley Community College,IL,Public,2024
147396,Morrison Institute of Technology,IL,Private not-for-profit,2024
147411,Morton College,IL,Public,2024
147536,National Louis University,IL,Private not-for-profit,2024
147590,National University of Health Sciences,IL,Private not-for-profit,2024
147642,Cosmetology Concepts Niles,IL,Private for-profit,2024
147660,North Central College,IL,Private not-for-profit,2024
147679,North Park University,IL,Private not-for-profit,2024
147697,Northern Baptist Theological Seminary,IL,Private not-for-profit,2024
147703,Northern Illinois University,IL,Public,2024
147767,Northwestern University,IL,Private not-for-profit,2024
147776,Northeastern Illinois University,IL,Public,2024
147800,Oakton College,IL,Public,2024
147819,Oehrlein School of Cosmetology,IL,Private for-profit,2024
147828,Olivet Nazarene University,IL,Private not-for-profit,2024
147916,Parkland College,IL,Public,2024
148007,Prairie State College,IL,Public,2024
148016,Principia College,IL,Private not-for-profit,2024
148098,Professional's Choice Hair Design Academy,IL,Private for-profit,2024
148131,Quincy University,IL,Private not-for-profit,2024
148256,Rend Lake College,IL,Public,2024
148292,Richland Community College,IL,Public,2024
148380,Rock Valley College,IL,Public,2024
148405,Rockford University,IL,Private not-for-profit,2024
148487,Roosevelt University,IL,Private not-for-profit,2024
148496,Dominican University,IL,Private not-for-profit,2024
148511,Rush University,IL,Private not-for-profit,2024
148575,Saint Francis Medical Center College of Nursing,IL,Private not-for-profit,2024
148584,University of St Francis,IL,Private not-for-profit,2024
148593,St. John's College-Department of Nursing,IL,Private not-for-profit,2024
148627,Saint Xavier University,IL,Private not-for-profit,2024
148654,University of Illinois Springfield,IL,Public,2024
148672,Sauk Valley Community College,IL,Public,2024
148821,Shawnee Community College,IL,Public,2024
148876,St. Augustine College,IL,Private not-for-profit,2024
148885,University of Saint Mary of the Lake,IL,Private not-for-profit,2024
148937,Southeastern Illinois College,IL,Public,2024
148955,National Latino Education Institute,IL,Private not-for-profit,2024
148982,Spertus College,IL,Private not-for-profit,2024
148991,Spoon River College,IL,Public,2024
149028,Saint Anthony College of Nursing,IL,Private not-for-profit,2024
149204,Educators of Beauty College of Cosmetology-Sterling,IL,Private for-profit,2024
149222,Southern Illinois University-Carbondale,IL,Public,2024
149231,Southern Illinois University Edwardsville,IL,Public,2024
149240,Southern Illinois University-System Office,IL,Public,2024
149310,Taylor Business Institute,IL,Private for-profit,2024
149329,Telshe Yeshiva-Chicago,IL,Private not-for-profit,2024
149365,South Suburban College,IL,Public,2024
149505,Trinity Christian College,IL,Private not-for-profit,2024
149514,Trinity International University-Illinois,IL,Private not-for-profit,2024
149532,Triton College,IL,Public,2024
149550,University of Spa & Cosmetology Arts,IL,Private for-profit,2024
149587,University of Illinois System Offices,IL,Public,2024
149639,VanderCook College of Music,IL,Private not-for-profit,2024
149727,Waubonsee Community College,IL,Public,2024
149772,Western Illinois University,IL,Public,2024
149781,Wheaton College,IL,Private not-for-profit,2024
149842,William Rainey Harper College,IL,Public,2024
150066,Anderson University,IN,Private not-for-profit,2024
150136,Ball State University,IN,Public,2024
150145,Bethel University,IN,Private not-for-profit,2024
150163,Butler University,IN,Private not-for-profit,2024
150172,Calumet College of Saint Joseph,IN,Private not-for-profit,2024
150215,Christian Theological Seminary,IN,Private not-for-profit,2024
150251,College of Court Reporting Inc,IN,Private for-profit,2024
150288,Concordia Theological Seminary,IN,Private not-for-profit,2024
150303,Tricoci University of Beauty Culture-Highland,IN,Private for-profit,2024
150400,DePauw University,IN,Private not-for-profit,2024
150428,Don Roberts School of Hair Design,IN,Private for-profit,2024
150455,Earlham College,IN,Private not-for-profit,2024
150534,University of Evansville,IN,Private not-for-profit,2024
150604,Franklin College,IN,Private not-for-profit,2024
150668,Goshen College,IN,Private not-for-profit,2024
150677,Grace College and Theological Seminary,IN,Private not-for-profit,2024
150756,Hanover College,IN,Private not-for-profit,2024
150765,J Michael Harrold Beauty Academy,IN,Private for-profit,2024
150774,Holy Cross College,IN,Private not-for-profit,2024
150853,PJ's College of Cosmetology-Clarksville,IN,Private for-profit,2024
150941,Huntington University,IN,Private not-for-profit,2024
150987,Ivy Tech Community College,IN,Public,2024
151102,Purdue University Fort Wayne,IN,Public,2024
151111,Indiana University-Indianapolis,IN,Public,2024
151263,University of Indianapolis,IN,Private not-for-profit,2024
151290,Indiana Institute of Technology,IN,Private not-for-profit,2024
151306,University of Southern Indiana,IN,Public,2024
151324,Indiana State University,IN,Public,2024
151333,Indiana University-Kokomo,IN,Public,2024
151342,Indiana University-South Bend,IN,Public,2024
151351,Indiana University-Bloomington,IN,Public,2024
151360,Indiana University-Northwest,IN,Public,2024
151379,Indiana University-Southeast,IN,Public,2024
151388,Indiana University-East,IN,Public,2024
151467,International Business College-Indianapolis,IN,Private for-profit,2024
151564,Taylor Institute of Cosmetology II,IN,Private for-profit,2024
151607,Tricoci University of Beauty Culture-Lafayette,IN,Private for-profit,2024
151661,Lincoln College of Technology-Indianapolis,IN,Private for-profit,2024
151777,Manchester University,IN,Private not-for-profit,2024
151786,Marian University,IN,Private not-for-profit,2024
151801,Indiana Wesleyan University-Marion,IN,Private not-for-profit,2024
151810,Martin University,IN,Private not-for-profit,2024
151865,Anabaptist Mennonite Biblical Seminary,IN,Private not-for-profit,2024
151962,Mid-America College of Funeral Service,IN,Private not-for-profit,2024
152044,West Michigan College of Barbering and Beauty,MI,Private for-profit,2024
152080,University of Notre Dame,IN,Private not-for-profit,2024
152099,Oakland City University,IN,Private not-for-profit,2024
152150,PJ's College of Cosmetology-Richmond,IN,Private for-profit,2024
152275,Ravenscroft Beauty College,IN,Private for-profit,2024
152309,Rogers Academy of Hair Design,IN,Private for-profit,2024
152318,Rose-Hulman Institute of Technology,IN,Private not-for-profit,2024
152336,University of Saint Francis-Fort Wayne,IN,Private not-for-profit,2024
152381,Saint Mary-of-the-Woods College,IN,Private not-for-profit,2024
152390,Saint Mary's College,IN,Private not-for-profit,2024
152451,Saint Meinrad School of Theology,IN,Private not-for-profit,2024
152497,Saint Elizabeth School of Nursing,IN,Private not-for-profit,2024
152530,Taylor University,IN,Private not-for-profit,2024
152567,Trine University,IN,Private not-for-profit,2024
152600,Valparaiso University,IN,Private not-for-profit,2024
152628,Vincennes Beauty College,IN,Private for-profit,2024
152637,Vincennes University,IN,Public,2024
152673,Wabash College,IN,Private not-for-profit,2024
152798,Allen College,IA,Private not-for-profit,2024
152992,Briar Cliff University,IA,Private not-for-profit,2024
153001,Buena Vista University,IA,Private not-for-profit,2024
153074,Capri College-Dubuque,IA,Private for-profit,2024
153083,Capri College-Cedar Rapids,IA,Private for-profit,2024
153108,Central College,IA,Private not-for-profit,2024
153126,Clarke University,IA,Private not-for-profit,2024
153144,Coe College,IA,Private not-for-profit,2024
153162,Cornell College,IA,Private not-for-profit,2024
153214,Des Moines Area Community College,IA,Public,2024
153241,Divine Word College,IA,Private not-for-profit,2024
153250,Dordt University,IA,Private not-for-profit,2024
153269,Drake University,IA,Private not-for-profit,2024
153278,University of Dubuque,IA,Private not-for-profit,2024
153296,Ellsworth Community College,IA,Public,2024
153302,Emmaus Bible College,IA,Private not-for-profit,2024
153311,Eastern Iowa Community College District,IA,Public,2024
153320,Faith Baptist Bible College and Theological Seminary,IA,Private not-for-profit,2024
153366,Graceland University-Lamoni,IA,Private not-for-profit,2024
153375,Grand View University,IA,Private not-for-profit,2024
153384,Grinnell College,IA,Private not-for-profit,2024
153427,Orion Technical College,IA,Private for-profit,2024
153445,Hawkeye Community College,IA,Public,2024
153463,American Hair Academy,IA,Private for-profit,2024
153472,Indian Hills Community College,IA,Public,2024
153524,Iowa Central Community College,IA,Public,2024
153533,Iowa Lakes Community College,IA,Public,2024
153542,UnityPoint Health-Des Moines School of Radiologic Technology,IA,Private not-for-profit,2024
153597,Iowa School of Beauty-Des Moines,IA,Private for-profit,2024
153603,Iowa State University,IA,Public,2024
153630,Iowa Western Community College,IA,Public,2024
153658,University of Iowa,IA,Public,2024
153737,Kirkwood Community College,IA,Public,2024
153746,La James International College-Cedar Falls,IA,Private for-profit,2024
153764,La James International College-Johnston,IA,Private for-profit,2024
153773,La James College of Hairstyling and Cosmetology,IA,Private for-profit,2024
153782,La James International College-Ft Dodge,IA,Private for-profit,2024
153825,Loras College,IA,Private not-for-profit,2024
153834,Luther College,IA,Private not-for-profit,2024
153861,Maharishi International University,IA,Private not-for-profit,2024
153922,Marshalltown Community College,IA,Public,2024
153977,Mercy College of Health Sciences,IA,Private not-for-profit,2024
154004,Morningside University,IA,Private not-for-profit,2024
154013,Mount Mercy University,IA,Private not-for-profit,2024
154022,Ashford University,CA,Private for-profit,2024
154059,North Iowa Area Community College,IA,Public,2024
154095,University of Northern Iowa,IA,Public,2024
154101,Northwestern College,IA,Private not-for-profit,2024
154110,Northeast Iowa Community College,IA,Public,2024
154129,Northwest Iowa Community College,IA,Public,2024
154156,Des Moines University-Osteopathic Medical Center,IA,Private not-for-profit,2024
154174,Palmer College of Chiropractic,IA,Private not-for-profit,2024
154208,PCI Academy-Ames,IA,Private for-profit,2024
154235,Saint Ambrose University,IA,Private not-for-profit,2024
154262,St Luke's College,IA,Private not-for-profit,2024
154332,La James International College-Davenport,IA,Private for-profit,2024
154350,Simpson College,IA,Private not-for-profit,2024
154378,Southeastern Community College,IA,Public,2024
154396,Southwestern Community College,IA,Public,2024
154448,Capri College-Davenport,IA,Private for-profit,2024
154457,Iowa School of Beauty-Sioux City,IA,Private for-profit,2024
154466,SOHO Hair Academy,IA,Private for-profit,2024
154493,Upper Iowa University,IA,Private not-for-profit,2024
154518,Waldorf University,IA,Private for-profit,2024
154527,Wartburg College,IA,Private not-for-profit,2024
154536,Wartburg Theological Seminary,IA,Private not-for-profit,2024
154545,The Salon Professional Academy-Cedar Falls,IA,Private for-profit,2024
154572,Western Iowa Tech Community College,IA,Public,2024
154590,William Penn University,IA,Private not-for-profit,2024
154642,Allen County Community College,KS,Public,2024
154688,Baker University,KS,Private not-for-profit,2024
154697,Barton County Community College,KS,Public,2024
154712,Benedictine College,KS,Private not-for-profit,2024
154721,Bethany College,KS,Private not-for-profit,2024
154749,Bethel College-North Newton,KS,Private not-for-profit,2024
154800,Butler Community College,KS,Public,2024
154855,Central Christian College of Kansas,KS,Private not-for-profit,2024
154907,Cloud County Community College,KS,Public,2024
154925,Coffeyville Community College,KS,Public,2024
154934,Colby Community College,KS,Public,2024
154952,Cowley County Community College,KS,Public,2024
154998,Dodge City Community College,KS,Public,2024
155007,Donnelly College,KS,Private not-for-profit,2024
155025,Emporia State University,KS,Public,2024
155052,Flint Hills Technical College,KS,Public,2024
155061,Fort Hays State University,KS,Public,2024
155070,Barclay College,KS,Private not-for-profit,2024
155089,Friends University,KS,Private not-for-profit,2024
155098,Fort Scott Community College,KS,Public,2024
155104,Garden City Community College,KS,Public,2024
155140,Haskell Indian Nations University,KS,Public,2024
155159,Hays Academy of Hair Design,KS,Private for-profit,2024
155177,Hesston College,KS,Private not-for-profit,2024
155186,Highland Community College,KS,Public,2024
155195,Hutchinson Community College,KS,Public,2024
155201,Independence Community College,KS,Public,2024
155210,Johnson County Community College,KS,Public,2024
155283,Concorde Career College-Kansas City,MO,Private for-profit,2024
155292,Kansas City Kansas Community College,KS,Public,2024
155308,Kansas Christian College,KS,Private not-for-profit,2024
155317,University of Kansas,KS,Public,2024
155335,Newman University,KS,Private not-for-profit,2024
155353,Old Town Barber College,KS,Private for-profit,2024
155399,Kansas State University,KS,Public,2024
155414,Kansas Wesleyan University,KS,Private not-for-profit,2024
155423,Washburn Institute of Technology,KS,Public,2024
155450,Labette Community College,KS,Public,2024
155487,Manhattan Area Technical College,KS,Public,2024
155496,Manhattan Christian College,KS,Private not-for-profit,2024
155511,McPherson College,KS,Private not-for-profit,2024
155520,MidAmerica Nazarene University,KS,Private not-for-profit,2024
155566,Neosho County Community College,KS,Public,2024
155593,Fort Hays Tech North Central,KS,Public,2024
155618,Fort Hays State University-Northwest Kansas Technical College,KS,Public,2024
155627,Ottawa University-Ottawa,KS,Private not-for-profit,2024
155636,Ottawa University-Kansas City,KS,Private not-for-profit,2024
155681,Pittsburg State University,KS,Public,2024
155715,Pratt Community College,KS,Public,2024
155812,University of Saint Mary,KS,Private not-for-profit,2024
155830,Salina Area Technical College,KS,Public,2024
155858,Seward County Community College,KS,Public,2024
155900,Southwestern College,KS,Private not-for-profit,2024
155937,Sterling College,KS,Private not-for-profit,2024
155973,Tabor College,KS,Private not-for-profit,2024
156082,Washburn University,KS,Public,2024
156107,Wichita State University-Campus of Applied Sciences and Technology,KS,Public,2024
156125,Wichita State University,KS,Public,2024
156134,Wichita Technical Institute,KS,Private for-profit,2024
156189,Alice Lloyd College,KY,Private not-for-profit,2024
156213,Asbury University,KY,Private not-for-profit,2024
156222,Asbury Theological Seminary,KY,Private not-for-profit,2024
156231,Ashland Community and Technical College,KY,Public,2024
156286,Bellarmine University,KY,Private not-for-profit,2024
156295,Berea College,KY,Private not-for-profit,2024
156310,PJ's College of Cosmetology-Bowling Green,KY,Private for-profit,2024
156338,Southcentral Kentucky Community and Technical College,KY,Public,2024
156356,Brescia University,KY,Private not-for-profit,2024
156365,Campbellsville University,KY,Private not-for-profit,2024
156392,Bluegrass Community and Technical College,KY,Public,2024
156408,Centre College,KY,Private not-for-profit,2024
156417,Clear Creek Baptist Bible College,KY,Private not-for-profit,2024
156426,Paul Mitchell the School-Lexington,KY,Private for-profit,2024
156471,Galen College of Nursing-Louisville,KY,Private for-profit,2024
156541,University of the Cumberlands,KY,Private not-for-profit,2024
156620,Eastern Kentucky University,KY,Public,2024
156648,Elizabethtown Community and Technical College,KY,Public,2024
156727,Frontier Nursing University,KY,Private not-for-profit,2024
156745,Georgetown College,KY,Private not-for-profit,2024
156754,PJ's College of Cosmetology-Glasgow,KY,Private for-profit,2024
156790,Hazard Community and Technical College,KY,Public,2024
156842,Paul Mitchell the School-Louisville,KY,Private for-profit,2024
156851,Henderson Community College,KY,Public,2024
156860,Hopkinsville Community College,KY,Public,2024
156921,Jefferson Community and Technical College,KY,Public,2024
156967,Summit Salon Academy-Lexington,KY,Private for-profit,2024
157021,American National University-Pikeville,KY,Private for-profit,2024
157030,Kentucky Mountain Bible College,KY,Private not-for-profit,2024
157058,Kentucky State University,KY,Public,2024
157076,Kentucky Wesleyan College,KY,Private not-for-profit,2024
157085,University of Kentucky,KY,Public,2024
157100,Kentucky Christian University,KY,Private not-for-profit,2024
157207,Lexington Theological Seminary,KY,Private not-for-profit,2024
157216,Lindsey Wilson College,KY,Private not-for-profit,2024
157289,University of Louisville,KY,Public,2024
157298,Louisville Presbyterian Theological Seminary,KY,Private not-for-profit,2024
157304,Madisonville Community College,KY,Public,2024
157331,Maysville Community and Technical College,KY,Public,2024
157377,Midway University,KY,Private not-for-profit,2024
157386,Morehead State University,KY,Public,2024
157401,Murray State University,KY,Public,2024
157438,Gateway Community and Technical College,KY,Public,2024
157447,Northern Kentucky University,KY,Public,2024
157483,West Kentucky Community and Technical College,KY,Public,2024
157535,University of Pikeville,KY,Private not-for-profit,2024
157553,Big Sandy Community and Technical College,KY,Public,2024
157614,Empire Beauty School-Chenoweth,KY,Private for-profit,2024
157650,Empire Beauty School-Elizabethtown,KY,Private for-profit,2024
157669,Empire Beauty School-Dixie,KY,Private for-profit,2024
157678,Empire Beauty School-Florence,KY,Private for-profit,2024
157711,Somerset Community College,KY,Public,2024
157739,Southeast Kentucky Community & Technical College,KY,Public,2024
157748,The Southern Baptist Theological Seminary,KY,Private not-for-profit,2024
157757,Spalding University,KY,Private not-for-profit,2024
157793,Sullivan University,KY,Private for-profit,2024
157809,Thomas More University,KY,Private not-for-profit,2024
157818,Transylvania University,KY,Private not-for-profit,2024
157854,Kentucky Community and Technical College System,KY,Public,2024
157863,Union Commonwealth University,KY,Private not-for-profit,2024
157951,Western Kentucky University,KY,Public,2024
158088,Central Louisiana Technical Community College,LA,Public,2024
158246,Ayers Career College,LA,Private for-profit,2024
158325,Baton Rouge General Medical Center School of Nursing & School of Radiologic Technology,LA,Private not-for-profit,2024
158431,Bossier Parish Community College,LA,Public,2024
158477,Centenary College of Louisiana,LA,Private not-for-profit,2024
158538,Cloyd's Beauty School 1 Inc,LA,Private for-profit,2024
158617,Crescent City Bartending School,LA,Private for-profit,2024
158662,Delgado Community College,LA,Public,2024
158778,Avery James College,LA,Private for-profit,2024
158787,Denham Springs Beauty School,LA,Private for-profit,2024
158802,Dillard University,LA,Private not-for-profit,2024
158884,Nunez Community College,LA,Public,2024
159009,Grambling State University,LA,Public,2024
159027,Belbo Beauty Institute,LA,Private for-profit,2024
159197,ITI Technical College,LA,Private for-profit,2024
159328,John Jay Beauty College,LA,Private for-profit,2024
159373,Louisiana State University Health Sciences Center-New Orleans,LA,Public,2024
159382,Louisiana State University-Alexandria,LA,Public,2024
159391,Louisiana State University and Agricultural & Mechanical College,LA,Public,2024
159407,Louisiana State University-Eunice,LA,Public,2024
159416,Louisiana State University-Shreveport,LA,Public,2024
159513,Aveda Arts & Sciences Institute-Baton Rouge,LA,Private for-profit,2024
159522,Aveda Arts & Sciences Institute-Lafayette,LA,Private for-profit,2024
159531,Louisiana Academy of Beauty,LA,Private for-profit,2024
159568,Louisiana Christian University,LA,Private not-for-profit,2024
159601,Opelousas School of Cosmetology,LA,Private for-profit,2024
159647,Louisiana Tech University,LA,Public,2024
159656,Loyola University New Orleans,LA,Private not-for-profit,2024
159717,McNeese State University,LA,Public,2024
159939,University of New Orleans,LA,Public,2024
159948,New Orleans Baptist Theological Seminary,LA,Private not-for-profit,2024
159966,Nicholls State University,LA,Public,2024
159993,University of Louisiana at Monroe,LA,Public,2024
160010,Northwest Louisiana Technical Community College,LA,Public,2024
160038,Northwestern State University of Louisiana,LA,Public,2024
160065,University of Holy Cross,LA,Private not-for-profit,2024
160074,Franciscan Missionaries of Our Lady University,LA,Private not-for-profit,2024
160117,Pat Goins Beauty Schools formerly Paul Mitchell the School-Shreveport,LA,Private for-profit,2024
160126,Celebrity Stylist Beauty School,LA,Private for-profit,2024
160199,Pineville Beauty School,LA,Private for-profit,2024
160320,Aveda Arts & Sciences Institute-Covington,LA,Private for-profit,2024
160409,Saint Joseph Seminary College,LA,Private not-for-profit,2024
160472,LaSalle Tech,LA,Private for-profit,2024
160481,Fletcher Technical Community College,LA,Public,2024
160524,Remington College-Lafayette Campus,LA,Private not-for-profit,2024
160533,Southern University-Board and System,LA,Public,2024
160579,SOWELA Technical Community College,LA,Public,2024
160597,Stevensons Academy of Hair Design,LA,Private for-profit,2024
160612,Southeastern Louisiana University,LA,Public,2024
160621,Southern University and A & M College,LA,Public,2024
160630,Southern University at New Orleans,LA,Public,2024
160649,Southern University at Shreveport,LA,Public,2024
160658,University of Louisiana at Lafayette,LA,Public,2024
160667,Northshore Technical Community College,LA,Public,2024
160755,Tulane University of Louisiana,LA,Private not-for-profit,2024
160904,Xavier University of Louisiana,LA,Private not-for-profit,2024
160959,College of the Atlantic,ME,Private not-for-profit,2024
160977,Bates College,ME,Private not-for-profit,2024
160995,Beal University,ME,Private for-profit,2024
161004,Bowdoin College,ME,Private not-for-profit,2024
161022,Maine College of Health Professions,ME,Private not-for-profit,2024
161077,Central Maine Community College,ME,Public,2024
161086,Colby College,ME,Private not-for-profit,2024
161138,Eastern Maine Community College,ME,Public,2024
161192,Kennebec Valley Community College,ME,Public,2024
161208,The Landing School,ME,Private not-for-profit,2024
161217,University of Maine at Augusta,ME,Public,2024
161226,University of Maine at Farmington,ME,Public,2024
161235,University of Maine at Fort Kent,ME,Public,2024
161253,University of Maine,ME,Public,2024
161280,University of Maine-System Central Office,ME,Public,2024
161299,Maine Maritime Academy,ME,Public,2024
161341,University of Maine at Presque Isle,ME,Public,2024
161457,University of New England,ME,Private not-for-profit,2024
161484,Northern Maine Community College,ME,Public,2024
161493,Empire Beauty School-Maine,ME,Private for-profit,2024
161509,Maine College of Art & Design,ME,Private not-for-profit,2024
161518,Saint Joseph's College of Maine,ME,Private not-for-profit,2024
161527,Spa Tech Institute-Westbrook,ME,Private for-profit,2024
161545,Southern Maine Community College,ME,Public,2024
161554,University of Southern Maine,ME,Public,2024
161563,Thomas College,ME,Private not-for-profit,2024
161572,Unity Environmental University,ME,Private not-for-profit,2024
161581,Washington County Community College,ME,Public,2024
161688,Allegany College of Maryland,MD,Public,2024
161767,Anne Arundel Community College,MD,Public,2024
161800,Award Beauty School,MD,Private for-profit,2024
161855,Baltimore Studio of Hair Design,MD,Private for-profit,2024
161864,Baltimore City Community College,MD,Public,2024
161873,University of Baltimore,MD,Public,2024
162007,Bowie State University,MD,Public,2024
162061,Capitol Technology University,MD,Private not-for-profit,2024
162104,Cecil College,MD,Public,2024
162122,College of Southern Maryland,MD,Public,2024
162168,Chesapeake College,MD,Public,2024
162210,Washington Adventist University,MD,Private not-for-profit,2024
162283,Coppin State University,MD,Public,2024
162335,Del-Mar-Va Beauty Academy,MD,Private for-profit,2024
162371,North American Trade Schools,MD,Private for-profit,2024
162557,Frederick Community College,MD,Public,2024
162584,Frostburg State University,MD,Public,2024
162609,Garrett College,MD,Public,2024
162654,Goucher College,MD,Private not-for-profit,2024
162690,Hagerstown Community College,MD,Public,2024
162706,Harford Community College,MD,Public,2024
162760,Hood College,MD,Private not-for-profit,2024
162779,Howard Community College,MD,Public,2024
162830,Aveda Institute-Maryland,MD,Private for-profit,2024
162928,Johns Hopkins University,MD,Private not-for-profit,2024
163028,Lincoln College of Technology-Columbia,MD,Private for-profit,2024
163046,Loyola University Maryland,MD,Private not-for-profit,2024
163204,University of Maryland Global Campus,MD,Public,2024
163259,"University of Maryland, Baltimore",MD,Public,2024
163268,University of Maryland-Baltimore County,MD,Public,2024
163286,University of Maryland-College Park,MD,Public,2024
163295,Maryland Institute College of Art,MD,Private not-for-profit,2024
163338,University of Maryland Eastern Shore,MD,Public,2024
163347,Fortis Institute-Towson,MD,Private for-profit,2024
163408,Montgomery Beauty School,MD,Private for-profit,2024
163426,Montgomery College,MD,Public,2024
163453,Morgan State University,MD,Public,2024
163462,Mount St. Mary's University,MD,Private not-for-profit,2024
163532,Ner Israel Rabbinical College,MD,Private not-for-profit,2024
163541,Hair Academy,MD,Private for-profit,2024
163578,Notre Dame of Maryland University,MD,Private not-for-profit,2024
163657,Prince George's Community College,MD,Public,2024
163815,Maryland Beauty Academy of Essex,MD,Private for-profit,2024
163851,Salisbury University,MD,Public,2024
163912,St. Mary's College of Maryland,MD,Public,2024
163976,St. John's College,MD,Private not-for-profit,2024
164076,Towson University,MD,Public,2024
164085,Maryland University of Integrative Health,MD,Private not-for-profit,2024
164146,University System of Maryland,MD,Public,2024
164155,United States Naval Academy,MD,Public,2024
164173,Stevenson University,MD,Private not-for-profit,2024
164216,Washington College,MD,Private not-for-profit,2024
164270,McDaniel College,MD,Private not-for-profit,2024
164313,Wor-Wic Community College,MD,Public,2024
164368,Hult International Business School,MA,Private not-for-profit,2024
164447,American International College,MA,Private not-for-profit,2024
164465,Amherst College,MA,Private not-for-profit,2024
164492,Anna Maria College,MA,Private not-for-profit,2024
164535,Assabet Valley Regional Technical School,MA,Public,2024
164562,Assumption University,MA,Private not-for-profit,2024
164580,Babson College,MA,Private not-for-profit,2024
164599,Bancroft School of Massage Therapy,MA,Private for-profit,2024
164614,Boston Baptist College,MA,Private not-for-profit,2024
164632,Bay Path University,MA,Private not-for-profit,2024
164739,Bentley University,MA,Private not-for-profit,2024
164748,Berklee College of Music,MA,Private not-for-profit,2024
164775,Berkshire Community College,MA,Public,2024
164845,Empire Beauty School-Boston,MA,Private for-profit,2024
164872,Boston Architectural College,MA,Private not-for-profit,2024
164915,Boston Graduate School of Psychoanalysis Inc,MA,Private not-for-profit,2024
164924,Boston College,MA,Private not-for-profit,2024
164988,Boston University,MA,Private not-for-profit,2024
165015,Brandeis University,MA,Private not-for-profit,2024
165024,Bridgewater State University,MA,Public,2024
165033,Bristol Community College,MA,Public,2024
165060,Signature Healthcare Brockton Hospital School of Nursing,MA,Private not-for-profit,2024
165112,Bunker Hill Community College,MA,Public,2024
165167,Cambridge College,MA,Private not-for-profit,2024
165194,Cape Cod Community College,MA,Public,2024
165255,Catherine Hinds Institute of Esthetics,MA,Private for-profit,2024
165264,Laboure College of Healthcare,MA,Private not-for-profit,2024
165334,Clark University,MA,Private not-for-profit,2024
165495,Conway School of Landscape Design,MA,Private not-for-profit,2024
165529,Curry College,MA,Private not-for-profit,2024
165574,Dean College,MA,Private not-for-profit,2024
165608,Diman Regional Technical Institute,MA,Public,2024
165635,National Aviation Academy of New England,MA,Private for-profit,2024
165644,Eastern Nazarene College,MA,Private not-for-profit,2024
165662,Emerson College,MA,Private not-for-profit,2024
165671,Emmanuel College,MA,Private not-for-profit,2024
165699,Endicott College,MA,Private not-for-profit,2024
165750,Rob Roy Academy-Fall River,MA,Private for-profit,2024
165802,Fisher College,MA,Private not-for-profit,2024
165820,Fitchburg State University,MA,Public,2024
165866,Framingham State University,MA,Public,2024
165884,Benjamin Franklin Cummings Institute of Technology,MA,Private not-for-profit,2024
165936,Gordon College,MA,Private not-for-profit,2024
165945,Gordon-Conwell Theological Seminary,MA,Private not-for-profit,2024
165981,Greenfield Community College,MA,Public,2024
166018,Hampshire College,MA,Private not-for-profit,2024
166027,Harvard University,MA,Private not-for-profit,2024
166045,Hebrew College,MA,Private not-for-profit,2024
166054,Hellenic College-Holy Cross Greek Orthodox School of Theology,MA,Private not-for-profit,2024
166124,College of the Holy Cross,MA,Private not-for-profit,2024
166133,Holyoke Community College,MA,Public,2024
166391,Lasell University,MA,Private not-for-profit,2024
166407,Lawrence Memorial Hospital School of Nursing,MA,Private not-for-profit,2024
166452,Lesley University,MA,Private not-for-profit,2024
166489,Longy School of Music of Bard College,MA,Private not-for-profit,2024
166498,Lowell Academy Hairstyling Institute,MA,Private for-profit,2024
166513,University of Massachusetts-Lowell,MA,Public,2024
166629,University of Massachusetts-Amherst,MA,Public,2024
166638,University of Massachusetts-Boston,MA,Public,2024
166647,Massachusetts Bay Community College,MA,Public,2024
166656,MCPHS University,MA,Private not-for-profit,2024
166665,University of Massachusetts-Central Office,MA,Public,2024
166674,Massachusetts College of Art and Design,MA,Public,2024
166683,Massachusetts Institute of Technology,MA,Private not-for-profit,2024
166692,Massachusetts Maritime Academy,MA,Public,2024
166708,University of Massachusetts Chan Medical School,MA,Public,2024
166717,William James College,MA,Private not-for-profit,2024
166805,Massachusetts School of Barbering,MA,Private for-profit,2024
166823,Massasoit Community College,MA,Public,2024
166850,Merrimack College,MA,Private not-for-profit,2024
166869,MGH Institute of Health Professions,MA,Private not-for-profit,2024
166887,Middlesex Community College,MA,Public,2024
166911,Montserrat College of Art,MA,Private not-for-profit,2024
166939,Mount Holyoke College,MA,Private not-for-profit,2024
166957,Mount Wachusett Community College,MA,Public,2024
167039,Rob Roy Academy-New Bedford,MA,Private for-profit,2024
167057,The New England Conservatory of Music,MA,Private not-for-profit,2024
167093,New England College of Optometry,MA,Private not-for-profit,2024
167215,New England Law-Boston,MA,Private not-for-profit,2024
167260,Nichols College,MA,Private not-for-profit,2024
167288,Massachusetts College of Liberal Arts,MA,Public,2024
167297,North Bennet Street School,MA,Private not-for-profit,2024
167312,North Shore Community College,MA,Public,2024
167358,Northeastern University,MA,Private not-for-profit,2024
167376,Northern Essex Community College,MA,Public,2024
167394,College of Our Lady of the Elms,MA,Private not-for-profit,2024
167464,Pope St John XXIII National Seminary,MA,Private not-for-profit,2024
167525,Quincy College,MA,Public,2024
167534,Quinsigamond Community College,MA,Public,2024
167598,Regis College,MA,Private not-for-profit,2024
167631,Roxbury Community College,MA,Public,2024
167677,Saint John's Seminary,MA,Private not-for-profit,2024
167729,Salem State University,MA,Public,2024
167783,Simmons University,MA,Private not-for-profit,2024
167792,Bard College at Simon's Rock,MA,Private not-for-profit,2024
167835,Smith College,MA,Private not-for-profit,2024
167871,Southeastern Technical Institute,MA,Public,2024
167899,Springfield College,MA,Private not-for-profit,2024
167905,Springfield Technical Community College,MA,Public,2024
167987,University of Massachusetts-Dartmouth,MA,Public,2024
167996,Stonehill College,MA,Private not-for-profit,2024
168005,Suffolk University,MA,Private not-for-profit,2024
168032,Rob Roy Academy-Taunton,MA,Private for-profit,2024
168148,Tufts University,MA,Private not-for-profit,2024
168218,Wellesley College,MA,Private not-for-profit,2024
168227,Wentworth Institute of Technology,MA,Private not-for-profit,2024
168254,Western New England University,MA,Private not-for-profit,2024
168263,Westfield State University,MA,Public,2024
168281,Wheaton College (Massachusetts),MA,Private not-for-profit,2024
168342,Williams College,MA,Private not-for-profit,2024
168421,Worcester Polytechnic Institute,MA,Private not-for-profit,2024
168430,Worcester State University,MA,Public,2024
168528,Adrian College,MI,Private not-for-profit,2024
168546,Albion College,MI,Private not-for-profit,2024
168555,Hillsdale Beauty College,MI,Private for-profit,2024
168573,Northwestern Technological Institute,MI,Private for-profit,2024
168591,Alma College,MI,Private not-for-profit,2024
168607,Alpena Community College,MI,Public,2024
168740,Andrews University,MI,Private not-for-profit,2024
168786,Aquinas College,MI,Private not-for-profit,2024
168847,Baker College,MI,Private not-for-profit,2024
168883,Bay de Noc Community College,MI,Public,2024
168892,Bayshire Academy of Beauty Craft Inc,MI,Private for-profit,2024
169080,Calvin University,MI,Private not-for-profit,2024
169099,Calvin Theological Seminary,MI,Private not-for-profit,2024
169187,Carnegie Institute,MI,Private for-profit,2024
169220,Michigan School of Psychology,MI,Private not-for-profit,2024
169248,Central Michigan University,MI,Public,2024
169275,Mott Community College,MI,Public,2024
169284,Empire Beauty School-Michigan,MI,Private for-profit,2024
169327,Cleary University,MI,Private not-for-profit,2024
169363,Concordia University Ann Arbor,MI,Private not-for-profit,2024
169424,Cranbrook Academy of Art,MI,Private not-for-profit,2024
169442,College for Creative Studies,MI,Private not-for-profit,2024
169479,Davenport University,MI,Private not-for-profit,2024
169503,David Pressley School of Cosmetology,MI,Private for-profit,2024
169521,Delta College,MI,Public,2024
169576,Detroit Business Institute-Downriver,MI,Private for-profit,2024
169655,Universal Technical Institute-Canton,MI,Private for-profit,2024
169716,University of Detroit Mercy,MI,Private not-for-profit,2024
169761,Dorsey College,MI,Private for-profit,2024
169798,Eastern Michigan University,MI,Public,2024
169813,Creative Hair School of Cosmetology,MI,Private for-profit,2024
169910,Ferris State University,MI,Public,2024
169974,Glen Oaks Community College,MI,Public,2024
169983,Kettering University,MI,Private not-for-profit,2024
169992,Gogebic Community College,MI,Public,2024
170000,Grace Christian University,MI,Private not-for-profit,2024
170037,Cornerstone University,MI,Private not-for-profit,2024
170055,Grand Rapids Community College,MI,Public,2024
170082,Grand Valley State University,MI,Public,2024
170091,Great Lakes Christian College,MI,Private not-for-profit,2024
170240,Henry Ford College,MI,Public,2024
170286,Hillsdale College,MI,Private not-for-profit,2024
170301,Hope College,MI,Private not-for-profit,2024
170444,Jackson College,MI,Public,2024
170532,Kalamazoo College,MI,Private not-for-profit,2024
170541,Kalamazoo Valley Community College,MI,Public,2024
170550,Kellogg Community College,MI,Public,2024
170587,Kirtland Community College,MI,Public,2024
170611,Michigan College of Beauty-Monroe,MI,Private for-profit,2024
170620,Lake Michigan College,MI,Public,2024
170639,Lake Superior State University,MI,Public,2024
170657,Lansing Community College,MI,Public,2024
170675,Lawrence Technological University,MI,Private not-for-profit,2024
170736,M J Murphy Beauty College of Mount Pleasant,MI,Private for-profit,2024
170790,Macomb Community College,MI,Public,2024
170806,Madonna University,MI,Private not-for-profit,2024
170967,Rochester University,MI,Private not-for-profit,2024
170976,University of Michigan-Ann Arbor,MI,Public,2024
171012,The Michigan Barber School,MI,Private not-for-profit,2024
171100,Michigan State University,MI,Public,2024
171128,Michigan Technological University,MI,Public,2024
171137,University of Michigan-Dearborn,MI,Public,2024
171146,University of Michigan-Flint,MI,Public,2024
171155,Mid Michigan College,MI,Public,2024
171225,Monroe County Community College,MI,Public,2024
171234,Montcalm Community College,MI,Public,2024
171304,Muskegon Community College,MI,Public,2024
171395,North Central Michigan College,MI,Public,2024
171456,Northern Michigan University,MI,Public,2024
171483,Northwestern Michigan College,MI,Public,2024
171492,Northwood University,MI,Private not-for-profit,2024
171535,Oakland Community College,MI,Public,2024
171571,Oakland University,MI,Public,2024
171599,The University of Olivet,MI,Private not-for-profit,2024
171775,Port Huron Cosmetology College,MI,Private for-profit,2024
171881,Kuyper College,MI,Private not-for-profit,2024
171988,Ross Medical Education Center-Lansing,MI,Private for-profit,2024
171997,Ross Medical Education Center-Warren,MI,Private for-profit,2024
172015,Ross Medical Education Center-Flint,MI,Private for-profit,2024
172033,Sacred Heart Major Seminary,MI,Private not-for-profit,2024
172051,Saginaw Valley State University,MI,Public,2024
172200,Schoolcraft Community College District,MI,Public,2024
172264,Siena Heights University,MI,Private not-for-profit,2024
172291,St Clair County Community College,MI,Public,2024
172307,Southwestern Michigan College,MI,Public,2024
172334,Spring Arbor University,MI,Private not-for-profit,2024
172422,Michigan Career and Technical Institute,MI,Public,2024
172477,Thomas M Cooley Law School,MI,Private not-for-profit,2024
172495,Twin City Beauty College,MI,Private for-profit,2024
172608,Walsh College,MI,Private not-for-profit,2024
172617,Washtenaw Community College,MI,Public,2024
172635,Wayne County Community College District,MI,Public,2024
172644,Wayne State University,MI,Public,2024
172671,West Shore Community College,MI,Public,2024
172680,Paul Mitchell the School-Grand Rapids,MI,Private for-profit,2024
172699,Western Michigan University,MI,Public,2024
172705,Western Theological Seminary,MI,Private not-for-profit,2024
172866,Academy College,MN,Private for-profit,2024
172918,Alexandria Technical & Community College,MN,Public,2024
172954,Anoka Technical College,MN,Public,2024
172963,Anoka-Ramsey Community College,MN,Public,2024
173045,Augsburg University,MN,Private not-for-profit,2024
173063,Riverland Community College,MN,Public,2024
173115,Northwest Technical College,MN,Public,2024
173124,Bemidji State University,MN,Public,2024
173142,Bethany Lutheran College,MN,Private not-for-profit,2024
173160,Bethel University,MN,Private not-for-profit,2024
173203,Central Lakes College-Brainerd,MN,Public,2024
173258,Carleton College,MN,Private not-for-profit,2024
173300,Concordia College at Moorhead,MN,Private not-for-profit,2024
173328,Concordia University-Saint Paul,MN,Private not-for-profit,2024
173416,Dakota County Technical College,MN,Public,2024
173452,Martin Luther College,MN,Private not-for-profit,2024
173461,Lake Superior College,MN,Public,2024
173559,Minnesota State Community and Technical College,MN,Public,2024
173638,Minnesota West Community and Technical College,MN,Public,2024
173647,Gustavus Adolphus College,MN,Private not-for-profit,2024
173665,Hamline University,MN,Private not-for-profit,2024
173683,Hazelden Betty Ford Graduate School,MN,Private not-for-profit,2024
173708,Hennepin Technical College,MN,Public,2024
173735,Minnesota North College,MN,Public,2024
173744,Aveda Arts & Sciences Institute Minneapolis,MN,Private for-profit,2024
173799,Inver Hills Community College,MN,Public,2024
173896,Luther Seminary,MN,Private not-for-profit,2024
173902,Macalester College,MN,Private not-for-profit,2024
173911,South Central College,MN,Public,2024
173920,Minnesota State University-Mankato,MN,Public,2024
173957,Mayo Clinic College of Medicine and Science,MN,Private not-for-profit,2024
174020,Metropolitan State University,MN,Public,2024
174066,University of Minnesota-Twin Cities,MN,Public,2024
174075,University of Minnesota-Crookston,MN,Public,2024
174127,Minneapolis College of Art and Design,MN,Private not-for-profit,2024
174136,Minneapolis Community and Technical College,MN,Public,2024
174154,Herzing University-Minneapolis,MN,Private not-for-profit,2024
174190,Nova Academy of Cosmetology Woodbury,MN,Private for-profit,2024
174233,University of Minnesota-Duluth,MN,Public,2024
174251,University of Minnesota-Morris,MN,Public,2024
174321,Model College of Hair Design,MN,Private for-profit,2024
174358,Minnesota State University Moorhead,MN,Public,2024
174376,North Hennepin Community College,MN,Public,2024
174428,Normandale Community College,MN,Public,2024
174437,North Central University,MN,Private not-for-profit,2024
174473,Northland Community and Technical College,MN,Public,2024
174491,University of Northwestern-St Paul,MN,Private not-for-profit,2024
174507,Northwestern Health Sciences University,MN,Private not-for-profit,2024
174525,Oak Hills Christian College,MN,Private not-for-profit,2024
174570,Pine Technical & Community College,MN,Public,2024
174738,Rochester Community and Technical College,MN,Public,2024
174747,College of Saint Benedict,MN,Private not-for-profit,2024
174756,St Cloud Technical and Community College,MN,Public,2024
174783,Saint Cloud State University,MN,Public,2024
174792,Saint Johns University,MN,Private not-for-profit,2024
174817,Saint Mary's University of Minnesota,MN,Private not-for-profit,2024
174844,St Olaf College,MN,Private not-for-profit,2024
174862,Crown College,MN,Private not-for-profit,2024
174899,The College of Saint Scholastica,MN,Private not-for-profit,2024
174914,University of St Thomas,MN,Private not-for-profit,2024
174978,Empire Beauty School-Bloomington,MN,Private for-profit,2024
175005,St Catherine University,MN,Private not-for-profit,2024
175014,Rasmussen University-Minnesota,MN,Private for-profit,2024
175041,Saint Paul College,MN,Public,2024
175078,Southwest Minnesota State University,MN,Public,2024
175120,Summit Academy Opportunities Industrialization Center,MN,Private not-for-profit,2024
175139,United Theological Seminary of the Twin Cities,MN,Private not-for-profit,2024
175227,Dunwoody College of Technology,MN,Private not-for-profit,2024
175236,Ridgewater College,MN,Public,2024
175263,Minnesota State College Southeast,MN,Public,2024
175272,Winona State University,MN,Public,2024
175281,Mitchell Hamline School of Law,MN,Private not-for-profit,2024
175315,Century College,MN,Public,2024
175342,Alcorn State University,MS,Public,2024
175421,Belhaven University,MS,Private not-for-profit,2024
175430,Blue Mountain Christian University,MS,Private not-for-profit,2024
175494,Chris Beauty College,MS,Private for-profit,2024
175519,Coahoma Community College,MS,Public,2024
175573,Copiah-Lincoln Community College,MS,Public,2024
175616,Delta State University,MS,Public,2024
175643,East Central Community College,MS,Public,2024
175652,East Mississippi Community College,MS,Public,2024
175698,Fosters Cosmetology College,MS,Private for-profit,2024
175722,Academy of Hair Design-Grenada,MS,Private for-profit,2024
175786,Hinds Community College,MS,Public,2024
175810,Holmes Community College,MS,Public,2024
175829,Itawamba Community College,MS,Public,2024
175856,Jackson State University,MS,Public,2024
175883,Jones County Junior College,MS,Public,2024
175935,Meridian Community College,MS,Public,2024
175980,Millsaps College,MS,Private not-for-profit,2024
175999,Board of Trustees-Mississippi State Institutions of Higher Learning,MS,Public,2024
176008,Mississippi Delta Community College,MS,Public,2024
176017,University of Mississippi,MS,Public,2024
176035,Mississippi University for Women,MS,Public,2024
176044,Mississippi Valley State University,MS,Public,2024
176053,Mississippi College,MS,Private not-for-profit,2024
176062,Hatfield's Mississippi College of Beauty Culture,MS,Private for-profit,2024
176071,Mississippi Gulf Coast Community College,MS,Public,2024
176080,Mississippi State University,MS,Public,2024
176169,Northeast Mississippi Community College,MS,Public,2024
176178,Northwest Mississippi Community College,MS,Public,2024
176239,Pearl River Community College,MS,Public,2024
176318,Rust College,MS,Private not-for-profit,2024
176336,Southeastern Baptist College,MS,Private not-for-profit,2024
176354,Southwest Mississippi Community College,MS,Public,2024
176372,University of Southern Mississippi,MS,Public,2024
176406,Tougaloo College,MS,Private not-for-profit,2024
176433,Vaughn Beauty College,MS,Private for-profit,2024
176451,Wesley Biblical Seminary,MS,Private not-for-profit,2024
176479,William Carey University,MS,Private not-for-profit,2024
176600,Aquinas Institute of Theology,MO,Private not-for-profit,2024
176628,Avila University,MO,Private not-for-profit,2024
176664,Mission University,MO,Private not-for-profit,2024
176716,House of Heavilin Beauty College-Blue Springs,MO,Private for-profit,2024
176770,Cox College,MO,Private not-for-profit,2024
176789,Calvary University,MO,Private not-for-profit,2024
176798,Cape Girardeau Career and Technology Center,MO,Public,2024
176910,Central Christian College of the Bible,MO,Private not-for-profit,2024
176947,Central Methodist University-College of Liberal Arts and Sciences,MO,Private not-for-profit,2024
176965,University of Central Missouri,MO,Public,2024
176983,Grand River Technical School,MO,Public,2024
177038,Cleveland University-Kansas City,KS,Private not-for-profit,2024
177065,Columbia College,MO,Private not-for-profit,2024
177083,Conception Seminary College,MO,Private not-for-profit,2024
177092,Concordia Seminary,MO,Private not-for-profit,2024
177117,Cottey College,MO,Private not-for-profit,2024
177126,Covenant Theological Seminary,MO,Private not-for-profit,2024
177135,Crowder College,MO,Public,2024
177144,Culver-Stockton College,MO,Private not-for-profit,2024
177214,Drury University,MO,Private not-for-profit,2024
177250,East Central College,MO,Public,2024
177278,Eden Theological Seminary,MO,Private not-for-profit,2024
177302,Pinnacle Career Institute,MO,Private for-profit,2024
177339,Evangel University,MO,Private not-for-profit,2024
177418,Fontbonne University,MO,Private not-for-profit,2024
177436,Four Rivers Career Center,MO,Public,2024
177472,Ozarks Technical Community College,MO,Public,2024
177542,Hannibal-LaGrange University,MO,Private not-for-profit,2024
177551,Harris-Stowe State University,MO,Public,2024
177588,House of Heavilin Beauty College-Kansas City,MO,Private for-profit,2024
177603,Summit Salon Academy Kansas City,MO,Private for-profit,2024
177676,Jefferson College,MO,Public,2024
177685,Paul Mitchell the School-Missouri Columbia,MO,Private for-profit,2024
177719,Barnes-Jewish College Goldfarb School of Nursing,MO,Private not-for-profit,2024
177746,Kansas City Art Institute,MO,Private not-for-profit,2024
177816,Kenrick Glennon Seminary,MO,Private not-for-profit,2024
177834,A T Still University of Health Sciences,MO,Private not-for-profit,2024
177931,Lex La-Ray Technical Center,MO,Public,2024
177940,Lincoln University,MO,Public,2024
177968,Lindenwood University,MO,Private not-for-profit,2024
177977,State Technical College of Missouri,MO,Public,2024
177986,Logan University,MO,Private not-for-profit,2024
177995,Metropolitan Community College-Kansas City,MO,Public,2024
178059,Maryville University of Saint Louis,MO,Private not-for-profit,2024
178077,Missouri College of Cosmetology and Esthetics,MO,Private for-profit,2024
178183,Midwest Institute,MO,Private for-profit,2024
178208,Midwestern Baptist Theological Seminary,MO,Private not-for-profit,2024
178217,Mineral Area College,MO,Public,2024
178244,Missouri Baptist University,MO,Private not-for-profit,2024
178341,Missouri Southern State University,MO,Public,2024
178369,Missouri Valley College,MO,Private not-for-profit,2024
178387,Missouri Western State University,MO,Public,2024
178396,University of Missouri-Columbia,MO,Public,2024
178402,University of Missouri-Kansas City,MO,Public,2024
178411,Missouri University of Science and Technology,MO,Public,2024
178420,University of Missouri-St Louis,MO,Public,2024
178439,University of Missouri-System Office,MO,Public,2024
178448,Moberly Area Community College,MO,Public,2024
178518,Nazarene Theological Seminary,MO,Private not-for-profit,2024
178527,Neosho Beauty College,MO,Private for-profit,2024
178615,Truman State University,MO,Public,2024
178624,Northwest Missouri State University,MO,Public,2024
178679,Ozark Christian College,MO,Private not-for-profit,2024
178697,College of the Ozarks,MO,Private not-for-profit,2024
178721,Park University,MO,Private not-for-profit,2024
178767,Stevens-The Institute of Business & Arts,MO,Private for-profit,2024
178828,Poplar Bluff Technical Career Center,MO,Public,2024
178891,Ranken Technical College,MO,Private not-for-profit,2024
178989,Research College of Nursing,MO,Private for-profit,2024
179043,Rockhurst University,MO,Private not-for-profit,2024
179159,Saint Louis University,MO,Private not-for-profit,2024
179195,Salem College of Hairstyling,MO,Private for-profit,2024
179265,University of Health Sciences and Pharmacy in St. Louis,MO,Private not-for-profit,2024
179308,Saint Louis Community College,MO,Public,2024
179317,Saint Paul School of Theology,KS,Private not-for-profit,2024
179326,Southwest Baptist University,MO,Private not-for-profit,2024
179344,Missouri State University-West Plains,MO,Public,2024
179511,St Louis College of Health Careers-St Louis,MO,Private for-profit,2024
179539,State Fair Community College,MO,Public,2024
179548,Stephens College,MO,Private not-for-profit,2024
179557,Southeast Missouri State University,MO,Public,2024
179566,Missouri State University-Springfield,MO,Public,2024
179645,Three Rivers College,MO,Public,2024
179715,North Central Missouri College,MO,Public,2024
179812,Kansas City University,MO,Private not-for-profit,2024
179867,Washington University in St Louis,MO,Private not-for-profit,2024
179894,Webster University,MO,Private not-for-profit,2024
179946,Westminster College,MO,Private not-for-profit,2024
179955,William Jewell College,MO,Private not-for-profit,2024
179964,William Woods University,MO,Private not-for-profit,2024
179991,Academy of Cosmetology Inc,MT,Private for-profit,2024
180054,Blackfeet Community College,MT,Private not-for-profit,2024
180063,Butte Academy of Beauty Culture,MT,Private for-profit,2024
180081,Highlands College of Montana Tech,MT,Public,2024
180090,Crevier's Academy of Cosmetology Arts,MT,Private for-profit,2024
180106,Carroll College,MT,Private not-for-profit,2024
180151,Dawson Community College,MT,Public,2024
180160,Chief Dull Knife College,MT,Public,2024
180179,Montana State University Billings,MT,Public,2024
180197,Flathead Valley Community College,MT,Public,2024
180203,Aaniiih Nakoda College,MT,Public,2024
180212,Fort Peck Community College,MT,Public,2024
180249,Great Falls College Montana State University,MT,Public,2024
180258,University of Providence,MT,Private not-for-profit,2024
180276,Helena College University of Montana,MT,Public,2024
180328,Little Big Horn College,MT,Public,2024
180373,Miles Community College,MT,Public,2024
180416,Montana Technological University,MT,Public,2024
180461,Montana State University,MT,Public,2024
180489,The University of Montana,MT,Public,2024
180522,Montana State University-Northern,MT,Public,2024
180595,Rocky Mountain College,MT,Private not-for-profit,2024
180647,Salish Kootenai College,MT,Public,2024
180692,The University of Montana-Western,MT,Public,2024
180814,Bellevue University,NE,Private not-for-profit,2024
180832,Clarkson College,NE,Private not-for-profit,2024
180878,Bryan College of Health Sciences,NE,Private not-for-profit,2024
180902,Central Community College,NE,Public,2024
180948,Chadron State College,NE,Public,2024
180957,College of Hair Design-Downtown,NE,Private for-profit,2024
180984,Concordia University-Nebraska,NE,Private not-for-profit,2024
181002,Creighton University,NE,Private not-for-profit,2024
181020,Doane University,NE,Private not-for-profit,2024
181127,Hastings College,NE,Private not-for-profit,2024
181145,CHI Health School of Radiologic Technology,NE,Private not-for-profit,2024
181190,Joseph's College Cosmetology,NE,Private for-profit,2024
181215,University of Nebraska at Kearney,NE,Public,2024
181297,Nebraska Methodist College of Nursing & Allied Health,NE,Private not-for-profit,2024
181303,Metropolitan Community College Area,NE,Public,2024
181312,Mid-Plains Community College,NE,Public,2024
181330,Midland University,NE,Private not-for-profit,2024
181394,University of Nebraska at Omaha,NE,Public,2024
181419,Nebraska Indian Community College,NE,Public,2024
181428,University of Nebraska Medical Center,NE,Public,2024
181446,Nebraska Wesleyan University,NE,Private not-for-profit,2024
181464,University of Nebraska-Lincoln,NE,Public,2024
181491,Northeast Community College,NE,Public,2024
181534,Peru State College,NE,Public,2024
181543,Summit Christian College,NE,Private not-for-profit,2024
181604,College of Saint Mary,NE,Private not-for-profit,2024
181640,Southeast Community College Area,NE,Public,2024
181738,Union Adventist University,NE,Private not-for-profit,2024
181747,University of Nebraska-Central Administration System Office,NE,Public,2024
181765,Nebraska College of Technical Agriculture,NE,Public,2024
181783,Wayne State College,NE,Public,2024
181817,Western Nebraska Community College,NE,Public,2024
181853,York University,NE,Private not-for-profit,2024
181880,Academy of Hair Design-Las Vegas,NV,Private for-profit,2024
181941,Career College of Northern Nevada,NV,Private for-profit,2024
182005,College of Southern Nevada,NV,Public,2024
182148,Las Vegas College,NV,Private for-profit,2024
182281,University of Nevada-Las Vegas,NV,Public,2024
182290,University of Nevada-Reno,NV,Public,2024
182306,Great Basin College,NV,Public,2024
182500,Truckee Meadows Community College,NV,Public,2024
182519,Nevada System of Higher Education-System Office,NV,Public,2024
182564,Western Nevada College,NV,Public,2024
182634,Colby-Sawyer College,NH,Private not-for-profit,2024
182670,Dartmouth College,NH,Private not-for-profit,2024
182704,Empire Beauty School-Laconia,NH,Private for-profit,2024
182722,Empire Beauty School-Somersworth,NH,Private for-profit,2024
182795,Franklin Pierce University,NH,Private not-for-profit,2024
182829,University of New Hampshire-Franklin Pierce School of Law,NH,Public,2024
182892,Keene Beauty Academy,NH,Private for-profit,2024
182917,Magdalen College,NH,Private not-for-profit,2024
182980,New England College,NH,Private not-for-profit,2024
183026,Southern New Hampshire University,NH,Private not-for-profit,2024
183035,New Hampshire Institute for Therapeutic Arts,NH,Private for-profit,2024
183044,University of New Hampshire-Main Campus,NH,Public,2024
183062,Keene State College,NH,Public,2024
183071,University of New Hampshire at Manchester,NH,Public,2024
183080,Plymouth State University,NH,Public,2024
183099,NHTI-Concord's Community College,NH,Public,2024
183105,White Mountains Community College,NH,Public,2024
183114,River Valley Community College,NH,Public,2024
183123,Lakes Region Community College,NH,Public,2024
183132,Manchester Community College,NH,Public,2024
183141,Nashua Community College,NH,Public,2024
183150,Great Bay Community College,NH,Public,2024
183202,Paul Mitchell the School-Portsmouth,NH,Private for-profit,2024
183211,Rivier University,NH,Private not-for-profit,2024
183239,Saint Anselm College,NH,Private not-for-profit,2024
183248,St Joseph School of Nursing,NH,Private not-for-profit,2024
183257,University of New Hampshire College of Professional Studies Online,NH,Public,2024
183275,Thomas More College of Liberal Arts,NH,Private not-for-profit,2024
183327,University System of New Hampshire System Office,NH,Public,2024
183488,Eastwick College-Hackensack,NJ,Private for-profit,2024
183600,Assumption College for Sisters,NJ,Private not-for-profit,2024
183655,Atlantic Cape Community College,NJ,Public,2024
183725,Fortis Institute-Wayne,NJ,Private for-profit,2024
183743,Bergen Community College,NJ,Public,2024
183789,Berkeley College-Woodland Park,NJ,Private for-profit,2024
183804,Beth Medrash Govoha,NJ,Private not-for-profit,2024
183822,Bloomfield College of Montclair State University,NJ,Public,2024
183859,Brookdale Community College,NJ,Public,2024
183877,Rowan College at Burlington County,NJ,Public,2024
183910,Caldwell University,NJ,Private not-for-profit,2024
183938,Camden County College,NJ,Public,2024
183974,Centenary University,NJ,Private not-for-profit,2024
183983,Adult and Continuing Education-BCTS,NJ,Public,2024
184056,Lincoln Technical Institute-Iselin,NJ,Private for-profit,2024
184092,American Institute-Clifton,NJ,Private for-profit,2024
184180,County College of Morris,NJ,Public,2024
184205,Rowan College of South Jersey-Cumberland Campus,NJ,Public,2024
184348,Drew University,NJ,Private not-for-profit,2024
184427,Lincoln Technical Institute-South Plainfield,NJ,Private for-profit,2024
184481,Essex County College,NJ,Public,2024
184506,Empire Beauty School-Union,NJ,Private for-profit,2024
184603,Fairleigh Dickinson University-Metropolitan Campus,NJ,Private not-for-profit,2024
184612,Felician University,NJ,Private not-for-profit,2024
184694,Fairleigh Dickinson University-Florham Campus,NJ,Private not-for-profit,2024
184746,Hohokus School of Trade and Technical Sciences,NJ,Private for-profit,2024
184773,Georgian Court University,NJ,Private not-for-profit,2024
184782,Rowan University,NJ,Public,2024
184791,Rowan College of South Jersey-Gloucester Campus,NJ,Public,2024
184816,Empire Beauty School-Cherry Hill,NJ,Private for-profit,2024
184959,Eastwick College-Ramsey,NJ,Private for-profit,2024
184968,Holy Name Medical Center-Sister Claire Tynan School of Nursing,NJ,Private not-for-profit,2024
184995,Hudson County Community College,NJ,Public,2024
185129,New Jersey City University,NJ,Public,2024
185262,Kean University,NJ,Public,2024
185396,Lincoln Technical Institute-Union,NJ,Private for-profit,2024
185466,Rizzieri Aveda School for Beauty and Wellness,NJ,Private for-profit,2024
185509,Mercer County Community College,NJ,Public,2024
185536,Middlesex College,NJ,Public,2024
185572,Monmouth University,NJ,Private not-for-profit,2024
185590,Montclair State University,NJ,Public,2024
185679,JFK Muhlenberg Harold B. and Dorothy A. Snyder Schools,NJ,Private not-for-profit,2024
185721,Eastwick College-Nutley,NJ,Private for-profit,2024
185758,New Brunswick Theological Seminary,NJ,Private not-for-profit,2024
185767,Robert Fiance Beauty Schools-West New York,NJ,Private for-profit,2024
185828,New Jersey Institute of Technology,NJ,Public,2024
185873,Ocean County College,NJ,Public,2024
185970,P B Cosmetology Education Center,NJ,Private for-profit,2024
186016,Parisian Beauty School,NJ,Private for-profit,2024
186034,Passaic County Community College,NJ,Public,2024
186052,Pennco Tech-Blackwood,NJ,Private for-profit,2024
186122,Princeton Theological Seminary,NJ,Private not-for-profit,2024
186131,Princeton University,NJ,Private not-for-profit,2024
186186,Rabbinical College of America,NJ,Private not-for-profit,2024
186201,Ramapo College of New Jersey,NJ,Public,2024
186274,Robert Fiance Beauty Schools,FL,Private for-profit,2024
186283,Rider University,NJ,Private not-for-profit,2024
186371,Rutgers University-Camden,NJ,Public,2024
186380,Rutgers University-New Brunswick,NJ,Public,2024
186399,Rutgers University-Newark,NJ,Public,2024
186405,Capital Health School of Radiologic Technology,NJ,Private not-for-profit,2024
186423,Capital Health School of Nursing,NJ,Private not-for-profit,2024
186432,Saint Peter's University,NJ,Private not-for-profit,2024
186469,Salem Community College,NJ,Public,2024
186584,Seton Hall University,NJ,Private not-for-profit,2024
186593,Shore Beauty School,NJ,Private for-profit,2024
186618,Saint Elizabeth University,NJ,Private not-for-profit,2024
186645,Raritan Valley Community College,NJ,Public,2024
186867,Stevens Institute of Technology,NJ,Private not-for-profit,2024
186876,Stockton University,NJ,Public,2024
186900,Talmudical Academy-New Jersey,NJ,Private not-for-profit,2024
187000,Aviation Institute of Maintenance-Teterboro,NJ,Private for-profit,2024
187046,Thomas Edison State University,NJ,Public,2024
187134,The College of New Jersey,NJ,Public,2024
187198,"UCNJ Union College of Union County, New Jersey",NJ,Public,2024
187444,William Paterson University of New Jersey,NJ,Public,2024
187505,Olympian Academy of Cosmetology,NM,Private for-profit,2024
187532,Central New Mexico Community College,NM,Public,2024
187596,Navajo Technical University,NM,Public,2024
187620,New Mexico State University-Dona Ana,NM,Public,2024
187639,Clovis Community College,NM,Public,2024
187648,Eastern New Mexico University-Main Campus,NM,Public,2024
187666,Eastern New Mexico University-Roswell Campus,NM,Public,2024
187745,Institute of American Indian and Alaska Native Culture and Arts Development,NM,Public,2024
187897,New Mexico Highlands University,NM,Public,2024
187903,New Mexico Junior College,NM,Public,2024
187912,New Mexico Military Institute,NM,Public,2024
187958,University of New Mexico-Gallup Campus,NM,Public,2024
187967,New Mexico Institute of Mining and Technology,NM,Public,2024
187976,University of New Mexico-Los Alamos Campus,NM,Public,2024
187985,University of New Mexico-Main Campus,NM,Public,2024
187994,New Mexico State University-Alamogordo,NM,Public,2024
188003,Southeast New Mexico College,NM,Public,2024
188021,New Mexico State University-Grants,NM,Public,2024
188030,New Mexico State University-Main Campus,NM,Public,2024
188049,University of New Mexico-Valencia County Campus,NM,Public,2024
188058,Northern New Mexico College,NM,Public,2024
188100,San Juan College,NM,Public,2024
188137,Santa Fe Community College,NM,Public,2024
188182,University of the Southwest,NM,Private not-for-profit,2024
188207,Southwestern College,NM,Private not-for-profit,2024
188216,Southwestern Indian Polytechnic Institute,NM,Public,2024
188225,University of New Mexico-Taos Campus,NM,Public,2024
188261,Mesalands Community College,NM,Public,2024
188289,Vogue College of Cosmetology-Santa Fe,NM,Private for-profit,2024
188304,Western New Mexico University,NM,Public,2024
188340,Vaughn College of Aeronautics and Technology,NY,Private not-for-profit,2024
188429,Adelphi University,NY,Private not-for-profit,2024
188438,SUNY Adirondack,NY,Public,2024
188517,Bryant & Stratton College-Albany,NY,Private not-for-profit,2024
188526,Albany College of Pharmacy and Health Sciences,NY,Private not-for-profit,2024
188535,Albany Law School,NY,Private not-for-profit,2024
188580,Albany Medical College,NY,Private not-for-profit,2024
188641,Alfred University,NY,Private not-for-profit,2024
188650,Allen School-Brooklyn,NY,Private for-profit,2024
188669,The Ailey School,NY,Private not-for-profit,2024
188678,American Academy of Dramatic Arts-New York,NY,Private not-for-profit,2024
188687,American Academy McAllister Institute of Funeral Service,NY,Private not-for-profit,2024
188854,American Musical and Dramatic Academy,NY,Private not-for-profit,2024
188890,Apex Technical School,NY,Private not-for-profit,2024
188915,Arnot Ogden Medical Center,NY,Private not-for-profit,2024
188942,Associated Beth Rivkah Schools,NY,Private not-for-profit,2024
189015,Bank Street College of Education,NY,Private not-for-profit,2024
189088,Bard College,NY,Private not-for-profit,2024
189097,Barnard College,NY,Private not-for-profit,2024
189219,Berk Trade and Business School,NY,Private for-profit,2024
189228,Berkeley College-New York,NY,Private for-profit,2024
189255,Berkowits School of Electrolysis,NY,Private for-profit,2024
189273,Beth Hamedrash Shaarei Yosher Institute,NY,Private not-for-profit,2024
189282,Mount Sinai Phillips School of Nursing,NY,Private not-for-profit,2024
189404,Brittany Beauty Academy,NY,Private for-profit,2024
189413,Boricua College,NY,Private not-for-profit,2024
189468,Brittany Beauty Academy,NY,Private for-profit,2024
189477,American Beauty School,NY,Private for-profit,2024
189501,Brooklyn Law School,NY,Private not-for-profit,2024
189547,SUNY Broome Community College,NY,Public,2024
189565,Bryant & Stratton College-Syracuse North,NY,Private not-for-profit,2024
189583,Bryant & Stratton College-Buffalo,NY,Private not-for-profit,2024
189592,Bryant & Stratton College-Greece,NY,Private not-for-profit,2024
189705,Canisius University,NY,Private not-for-profit,2024
189714,Capri Cosmetology Learning Centers,NY,Private for-profit,2024
189811,St Paul's School of Nursing-Queens,NY,Private for-profit,2024
189839,Cayuga County Community College,NY,Public,2024
189857,Central Yeshiva Tomchei Tmimim Lubavitz,NY,Private not-for-profit,2024
189990,"Christine Valmy International School for Esthetics, Skin Care & Makeup",NY,Private for-profit,2024
190008,Circle in the Square Theatre School,NY,Private not-for-profit,2024
190035,CUNY System Office,NY,Public,2024
190044,Clarkson University,NY,Private not-for-profit,2024
190053,Clinton Community College,NY,Public,2024
190071,Cochran School of Nursing,NY,Private not-for-profit,2024
190080,Colgate Rochester Crozer Divinity School,NY,Private not-for-profit,2024
190099,Colgate University,NY,Private not-for-profit,2024
190114,Metropolitan College of New York,NY,Private not-for-profit,2024
190150,Columbia University in the City of New York,NY,Private not-for-profit,2024
190169,Columbia-Greene Community College,NY,Public,2024
190239,Empire Beauty School-Queens,NY,Private for-profit,2024
190318,Continental School of Beauty Culture-Rochester,NY,Private for-profit,2024
190372,The Cooper Union for the Advancement of Science and Art,NY,Private not-for-profit,2024
190415,Cornell University,NY,Private not-for-profit,2024
190424,Weill Medical College of Cornell University,NY,Private not-for-profit,2024
190442,SUNY Corning Community College,NY,Public,2024
190451,Pomeroy College of Nursing at Crouse Hospital,NY,Private not-for-profit,2024
190503,Culinary Institute of America,NY,Private not-for-profit,2024
190512,CUNY Bernard M Baruch College,NY,Public,2024
190521,CUNY Borough of Manhattan Community College,NY,Public,2024
190530,CUNY Bronx Community College,NY,Public,2024
190549,CUNY Brooklyn College,NY,Public,2024
190558,College of Staten Island CUNY,NY,Public,2024
190567,CUNY City College,NY,Public,2024
190576,CUNY Graduate School and University Center,NY,Public,2024
190585,CUNY Hostos Community College,NY,Public,2024
190594,CUNY Hunter College,NY,Public,2024
190600,CUNY John Jay College of Criminal Justice,NY,Public,2024
190619,CUNY Kingsborough Community College,NY,Public,2024
190628,CUNY LaGuardia Community College,NY,Public,2024
190637,CUNY Lehman College,NY,Public,2024
190646,CUNY Medgar Evers College,NY,Public,2024
190655,CUNY New York City College of Technology,NY,Public,2024
190664,CUNY Queens College,NY,Public,2024
190673,CUNY Queensborough Community College,NY,Public,2024
190682,CUNY School of Law,NY,Public,2024
190691,CUNY York College,NY,Public,2024
190707,CVPH Medical Center School of Radiologic Technology,NY,Private not-for-profit,2024
190716,D'Youville  University,NY,Private not-for-profit,2024
190725,Daemen University,NY,Private not-for-profit,2024
190752,Yeshiva of Far Rockaway Derech Ayson Rabbinical Seminary,NY,Private not-for-profit,2024
190761,Dominican University New York,NY,Private not-for-profit,2024
190840,Dutchess Community College,NY,Public,2024
190956,Belanger School of Nursing,NY,Private not-for-profit,2024
190983,Elmira College,NY,Private not-for-profit,2024
191083,Erie Community College,NY,Public,2024
191126,Fashion Institute of Technology,NY,Public,2024
191199,Finger Lakes Community College,NY,Public,2024
191205,Five Towns College,NY,Private for-profit,2024
191241,Fordham University,NY,Private not-for-profit,2024
191302,Fulton-Montgomery Community College,NY,Public,2024
191311,Gemological Institute of America-New York,NY,Private not-for-profit,2024
191339,Genesee Community College,NY,Public,2024
191515,Hamilton College,NY,Private not-for-profit,2024
191533,Hartwick College,NY,Private not-for-profit,2024
191597,Helene Fuld College of Nursing,NY,Private not-for-profit,2024
191612,Herkimer County Community College,NY,Public,2024
191621,Hilbert College,NY,Private not-for-profit,2024
191630,Hobart William Smith Colleges,NY,Private not-for-profit,2024
191649,Hofstra University,NY,Private not-for-profit,2024
191676,Houghton University,NY,Private not-for-profit,2024
191719,Hudson Valley Community College,NY,Public,2024
191728,Hunter Business School,NY,Private for-profit,2024
191931,Iona University,NY,Private not-for-profit,2024
191940,Isabella Graham Hart School of Practical Nursing,NY,Private not-for-profit,2024
191959,Island Drafting and Technical Institute,NY,Private for-profit,2024
191968,Ithaca College,NY,Private not-for-profit,2024
191986,Jamestown Community College,NY,Public,2024
192004,Jamestown Business College,NY,Private for-profit,2024
192022,Jefferson Community College,NY,Public,2024
192040,Jewish Theological Seminary of America,NY,Private not-for-profit,2024
192110,The Juilliard School,NY,Private not-for-profit,2024
192165,Kehilath Yakov Rabbinical Seminary,NY,Private not-for-profit,2024
192192,Keuka College,NY,Private not-for-profit,2024
192271,LIM College,NY,Private for-profit,2024
192323,Le Moyne College,NY,Private not-for-profit,2024
192448,Long Island University,NY,Private not-for-profit,2024
192484,Long Island Beauty School-Hempstead,NY,Private for-profit,2024
192509,Long Island Business Institute,NY,Private for-profit,2024
192624,Machzikei Hadath Rabbinical College,NY,Private not-for-profit,2024
192688,Mandl School-The College of Allied Health,NY,Private for-profit,2024
192703,Manhattan University,NY,Private not-for-profit,2024
192712,Manhattan School of Music,NY,Private not-for-profit,2024
192749,Manhattanville University,NY,Private not-for-profit,2024
192785,Maria College of Albany,NY,Private not-for-profit,2024
192800,Marion S Whelan School of Nursing of Geneva General Hospital,NY,Private not-for-profit,2024
192819,Marist University,NY,Private not-for-profit,2024
192864,Marymount Manhattan College,NY,Private not-for-profit,2024
192961,St. Peter's Hospital College of Nursing,NY,Private not-for-profit,2024
192970,Memorial Hospital School of Radiation Therapy Technology,NY,Private not-for-profit,2024
193016,Mercy University,NY,Private not-for-profit,2024
193052,Mesivta Torah Vodaath Rabbinical Seminary,NY,Private not-for-profit,2024
193061,Mesivta of Eastern Parkway-Yeshiva Zichron Meilech,NY,Private not-for-profit,2024
193070,Mesivtha Tifereth Jerusalem of America,NY,Private not-for-profit,2024
193201,Mildred Elley School-Albany Campus,NY,Private for-profit,2024
193247,Mirrer Yeshiva Cent Institute,NY,Private not-for-profit,2024
193265,Modern Welding School,NY,Private for-profit,2024
193283,Mohawk Valley Community College,NY,Public,2024
193292,Molloy University,NY,Private not-for-profit,2024
193308,Monroe University,NY,Private for-profit,2024
193326,Monroe Community College,NY,Public,2024
193353,Mount Saint Mary College,NY,Private not-for-profit,2024
193380,Montefiore School of Nursing,NY,Private not-for-profit,2024
193399,University of Mount Saint Vincent,NY,Private not-for-profit,2024
193405,Icahn School of Medicine at Mount Sinai,NY,Private not-for-profit,2024
193478,Nassau Community College,NY,Public,2024
193584,Nazareth University,NY,Private not-for-profit,2024
193609,Neighborhood Playhouse School of the Theater,NY,Private not-for-profit,2024
193654,The New School,NY,Private not-for-profit,2024
193751,Northeast College of Health Sciences,NY,Private not-for-profit,2024
193821,New York Law School,NY,Private not-for-profit,2024
193830,New York Medical College,NY,Private not-for-profit,2024
193858,New York School for Medical and Dental Assistants,NY,Private for-profit,2024
193894,New York Theological Seminary,NY,Private not-for-profit,2024
193900,New York University,NY,Private not-for-profit,2024
193946,Niagara County Community College,NY,Public,2024
193973,Niagara University,NY,Private not-for-profit,2024
193991,Empire Beauty School-Peekskill,NY,Private for-profit,2024
194028,North Country Community College,NY,Public,2024
194073,New York College of Podiatric Medicine,NY,Private not-for-profit,2024
194091,New York Institute of Technology,NY,Private not-for-profit,2024
194116,New York School of Interior Design,NY,Private not-for-profit,2024
194189,Ohr Hameir Theological Seminary,NY,Private not-for-profit,2024
194222,Onondaga Community College,NY,Public,2024
194240,Orange County Community College,NY,Public,2024
194259,Otsego Area BOCES-Practical Nursing Program,NY,Public,2024
194310,Pace University,NY,Private not-for-profit,2024
194392,Paul Smiths College of Arts and Science,NY,Private not-for-profit,2024
194435,Continental School of Beauty Culture-West Seneca,NY,Private for-profit,2024
194499,Plaza College,NY,Private for-profit,2024
194569,Davis College,NY,Private not-for-profit,2024
194578,Pratt Institute-Main,NY,Private not-for-profit,2024
194657,Rabbinical Academy Mesivta Rabbi Chaim Berlin,NY,Private not-for-profit,2024
194666,Rabbinical College Bobover Yeshiva Bnei Zion,NY,Private not-for-profit,2024
194693,Rabbinical College Beth Shraga,NY,Private not-for-profit,2024
194718,Rabbinical Seminary Mkor Chaim,NJ,Private not-for-profit,2024
194736,Rabbinical College of Long Island,NY,Private not-for-profit,2024
194763,Rabbinical Seminary of America,NY,Private not-for-profit,2024
194824,Rensselaer Polytechnic Institute,NY,Private not-for-profit,2024
194958,Roberts Wesleyan University,NY,Private not-for-profit,2024
195003,Rochester Institute of Technology,NY,Private not-for-profit,2024
195030,University of Rochester,NY,Private not-for-profit,2024
195049,The Rockefeller University,NY,Private not-for-profit,2024
195058,Rockland Community College,NY,Public,2024
195067,Empire Beauty School-Manhattan,NY,Private for-profit,2024
195128,Russell Sage College,NY,Private not-for-profit,2024
195155,St Bernard's School of Theology and Ministry,NY,Private not-for-profit,2024
195164,St Bonaventure University,NY,Private not-for-profit,2024
195173,St. Francis College,NY,Private not-for-profit,2024
195191,St. Joseph's College of Nursing,NY,Private not-for-profit,2024
195216,St Lawrence University,NY,Private not-for-profit,2024
195234,The College of Saint Rose,NY,Private not-for-profit,2024
195243,St. Thomas Aquinas College,NY,Private not-for-profit,2024
195289,Samaritan Hospital School of Nursing,NY,Private not-for-profit,2024
195304,Sarah Lawrence College,NY,Private not-for-profit,2024
195322,Schenectady County Community College,NY,Public,2024
195438,Sh'or Yoshuv Rabbinical College,NY,Private not-for-profit,2024
195474,Siena College,NY,Private not-for-profit,2024
195526,Skidmore College,NY,Private not-for-profit,2024
195544,St. Joseph's University-New York,NY,Private not-for-profit,2024
195580,Saint Vladimirs Orthodox Theological Seminary,NY,Private not-for-profit,2024
195702,Saint Elizabeth College of Nursing,NY,Private not-for-profit,2024
195720,St. John Fisher University,NY,Private not-for-profit,2024
195784,St Paul's School of Nursing-Staten Island,NY,Private for-profit,2024
195809,St. John's University-New York,NY,Private not-for-profit,2024
195827,SUNY-System Office,NY,Public,2024
195988,Sullivan County Community College,NY,Public,2024
196006,SUNY College of Technology at Alfred,NY,Public,2024
196015,SUNY College of Technology at Canton,NY,Public,2024
196024,SUNY College of Technology at Delhi,NY,Public,2024
196033,SUNY College of Agriculture and Technology at Cobleskill,NY,Public,2024
196042,Farmingdale State College,NY,Public,2024
196051,SUNY Morrisville,NY,Public,2024
196060,University at Albany,NY,Public,2024
196079,Binghamton University,NY,Public,2024
196088,University at Buffalo,NY,Public,2024
196097,Stony Brook University,NY,Public,2024
196103,SUNY College of Environmental Science and Forestry,NY,Public,2024
196112,SUNY Polytechnic Institute,NY,Public,2024
196121,SUNY Brockport,NY,Public,2024
196130,SUNY Buffalo State University,NY,Public,2024
196149,State University of New York at Cortland,NY,Public,2024
196158,SUNY at Fredonia,NY,Public,2024
196167,SUNY College at Geneseo,NY,Public,2024
196176,State University of New York at New Paltz,NY,Public,2024
196185,SUNY Oneonta,NY,Public,2024
196194,State University of New York at Oswego,NY,Public,2024
196200,SUNY College at Potsdam,NY,Public,2024
196219,SUNY at Purchase College,NY,Public,2024
196228,SUNY College of Optometry,NY,Public,2024
196237,SUNY Old Westbury,NY,Public,2024
196246,State University of New York at Plattsburgh,NY,Public,2024
196255,SUNY Downstate Health Sciences University,NY,Public,2024
196264,Empire State University,NY,Public,2024
196291,SUNY Maritime College,NY,Public,2024
196307,Upstate Medical University,NY,Public,2024
196389,Swedish Institute a College of Health Sciences,NY,Private for-profit,2024
196413,Syracuse University,NY,Private not-for-profit,2024
196431,Talmudical Seminary Oholei Torah,NY,Private not-for-profit,2024
196440,Talmudical Institute of Upstate New York,NY,Private not-for-profit,2024
196468,Teachers College at Columbia University,NY,Private not-for-profit,2024
196565,Tompkins Cortland Community College,NY,Public,2024
196583,Torah Temimah Talmudical Seminary,NY,Private not-for-profit,2024
196592,Touro University,NY,Private not-for-profit,2024
196653,Trocaire College,NY,Private not-for-profit,2024
196680,Excelsior University,NY,Private not-for-profit,2024
196699,Ulster County Community College,NY,Public,2024
196866,Union College,NY,Private not-for-profit,2024
196884,Union Theological Seminary in the City of New York,NY,Private not-for-profit,2024
197018,United Talmudical Seminary,NY,Private not-for-profit,2024
197027,United States Merchant Marine Academy,NY,Public,2024
197036,United States Military Academy,NY,Public,2024
197045,Utica University,NY,Private not-for-profit,2024
197133,Vassar College,NY,Private not-for-profit,2024
197142,Villa Maria College,NY,Private not-for-profit,2024
197151,School of Visual Arts,NY,Private for-profit,2024
197197,Wagner College,NY,Private not-for-profit,2024
197221,Webb Institute,NY,Private not-for-profit,2024
197230,Wells College,NY,Private not-for-profit,2024
197285,The College of Westchester,NY,Private for-profit,2024
197294,SUNY Westchester Community College,NY,Public,2024
197337,Westchester School of Beauty Culture,NY,Private for-profit,2024
197531,Word of Life Bible Institute,NY,Private not-for-profit,2024
197601,Yeshiva Karlin Stolin,NY,Private not-for-profit,2024
197647,Yeshiva Derech Chaim,NY,Private not-for-profit,2024
197674,Yeshiva of Nitra Rabbinical College,NY,Private not-for-profit,2024
197692,Yeshivath Shaar Hatorah,NY,Private not-for-profit,2024
197708,Yeshiva University,NY,Private not-for-profit,2024
197735,Yeshivath Viznitz,NY,Private not-for-profit,2024
197744,Yeshivath Zichron Moshe,NY,Private not-for-profit,2024
197814,College of the Albemarle,NC,Public,2024
197850,South Piedmont Community College,NC,Public,2024
197869,Appalachian State University,NC,Public,2024
197887,Asheville-Buncombe Technical Community College,NC,Public,2024
197911,Barton College,NC,Private not-for-profit,2024
197966,Beaufort County Community College,NC,Public,2024
197984,Belmont Abbey College,NC,Private not-for-profit,2024
197993,Bennett College,NC,Private not-for-profit,2024
198011,Bladen Community College,NC,Public,2024
198039,Blue Ridge Community College,NC,Public,2024
198066,Brevard College,NC,Private not-for-profit,2024
198084,Brunswick Community College,NC,Public,2024
198109,Cabarrus College of Health Sciences,NC,Private not-for-profit,2024
198118,Caldwell Community College and Technical Institute,NC,Public,2024
198136,Campbell University,NC,Private not-for-profit,2024
198154,Cape Fear Community College,NC,Public,2024
198206,Carteret Community College,NC,Public,2024
198215,Catawba College,NC,Private not-for-profit,2024
198233,Catawba Valley Community College,NC,Public,2024
198251,Central Carolina Community College,NC,Public,2024
198260,Central Piedmont Community College,NC,Public,2024
198303,Chowan University,NC,Private not-for-profit,2024
198321,Cleveland Community College,NC,Public,2024
198330,Coastal Carolina Community College,NC,Public,2024
198367,Craven Community College,NC,Public,2024
198376,Davidson-Davie Community College,NC,Public,2024
198385,Davidson College,NC,Private not-for-profit,2024
198419,Duke University,NC,Private not-for-profit,2024
198455,Durham Technical Community College,NC,Public,2024
198464,East Carolina University,NC,Public,2024
198491,Edgecombe Community College,NC,Public,2024
198507,Elizabeth City State University,NC,Public,2024
198516,Elon University,NC,Private not-for-profit,2024
198534,Fayetteville Technical Community College,NC,Public,2024
198543,Fayetteville State University,NC,Public,2024
198552,Forsyth Technical Community College,NC,Public,2024
198561,Gardner-Webb University,NC,Private not-for-profit,2024
198570,Gaston College,NC,Public,2024
198598,Greensboro College,NC,Private not-for-profit,2024
198613,Guilford College,NC,Private not-for-profit,2024
198622,Guilford Technical Community College,NC,Public,2024
198640,Halifax Community College,NC,Public,2024
198668,Haywood Community College,NC,Public,2024
198677,Heritage Bible College,NC,Private not-for-profit,2024
198695,High Point University,NC,Private not-for-profit,2024
198710,Isothermal Community College,NC,Public,2024
198729,James Sprunt Community College,NC,Public,2024
198756,Johnson C Smith University,NC,Private not-for-profit,2024
198774,Johnston Community College,NC,Public,2024
198808,Lees-McRae College,NC,Private not-for-profit,2024
198817,Lenoir Community College,NC,Public,2024
198835,Lenoir-Rhyne University,NC,Private not-for-profit,2024
198844,Leons Beauty School Inc,NC,Private for-profit,2024
198862,Livingstone College,NC,Private not-for-profit,2024
198871,Louisburg College,NC,Private not-for-profit,2024
198899,Mars Hill University,NC,Private not-for-profit,2024
198905,Martin Community College,NC,Public,2024
198914,Mayland Community College,NC,Public,2024
198923,McDowell Technical Community College,NC,Public,2024
198950,Meredith College,NC,Private not-for-profit,2024
198969,Methodist University,NC,Private not-for-profit,2024
198978,Miller-Motte College-Wilmington,NC,Private for-profit,2024
198987,Mitchell Community College,NC,Public,2024
199005,Mitchells Academy,NC,Private for-profit,2024
199023,Montgomery Community College,NC,Public,2024
199032,Montreat College,NC,Private not-for-profit,2024
199069,University of Mount Olive,NC,Private not-for-profit,2024
199078,College of Wilmington,NC,Private for-profit,2024
199087,Nash Community College,NC,Public,2024
199102,North Carolina A & T State University,NC,Public,2024
199111,University of North Carolina Asheville,NC,Public,2024
199120,University of North Carolina at Chapel Hill,NC,Public,2024
199139,University of North Carolina at Charlotte,NC,Public,2024
199148,University of North Carolina at Greensboro,NC,Public,2024
199157,North Carolina Central University,NC,Public,2024
199175,University of North Carolina System,NC,Public,2024
199184,University of North Carolina School of the Arts,NC,Public,2024
199193,North Carolina State University at Raleigh,NC,Public,2024
199209,North Carolina Wesleyan University,NC,Private not-for-profit,2024
199218,University of North Carolina Wilmington,NC,Public,2024
199263,Pamlico Community College,NC,Public,2024
199272,William Peace University,NC,Private not-for-profit,2024
199281,University of North Carolina at Pembroke,NC,Public,2024
199306,Pfeiffer University,NC,Private not-for-profit,2024
199324,Piedmont Community College,NC,Public,2024
199333,Pitt Community College,NC,Public,2024
199412,Queens University of Charlotte,NC,Private not-for-profit,2024
199421,Randolph Community College,NC,Public,2024
199449,Richmond Community College,NC,Public,2024
199458,Mid-Atlantic Christian University,NC,Private not-for-profit,2024
199467,Roanoke-Chowan Community College,NC,Public,2024
199476,Robeson Community College,NC,Public,2024
199485,Rockingham Community College,NC,Public,2024
199494,Rowan-Cabarrus Community College,NC,Public,2024
199582,Saint Augustine's University,NC,Private not-for-profit,2024
199607,Salem College,NC,Private not-for-profit,2024
199625,Sampson Community College,NC,Public,2024
199634,Sandhills Community College,NC,Public,2024
199643,Shaw University,NC,Private not-for-profit,2024
199689,Paul Mitchell the School-Fayetteville,NC,Private for-profit,2024
199698,St. Andrews University,NC,Private not-for-profit,2024
199722,Southeastern Community College,NC,Public,2024
199731,Southwestern Community College,NC,Public,2024
199740,Stanly Community College,NC,Public,2024
199759,Southeastern Baptist Theological Seminary,NC,Private not-for-profit,2024
199768,Surry Community College,NC,Public,2024
199786,Alamance Community College,NC,Public,2024
199795,Tri-County Community College,NC,Public,2024
199838,Vance-Granville Community College,NC,Public,2024
199847,Wake Forest University,NC,Private not-for-profit,2024
199856,Wake Technical Community College,NC,Public,2024
199865,Warren Wilson College,NC,Private not-for-profit,2024
199883,Watts College of Nursing,NC,Private not-for-profit,2024
199892,Wayne Community College,NC,Public,2024
199908,Western Piedmont Community College,NC,Public,2024
199926,Wilkes Community College,NC,Public,2024
199953,Wilson Community College,NC,Public,2024
199962,Wingate University,NC,Private not-for-profit,2024
199971,Carolina Christian College,NC,Private not-for-profit,2024
199980,Winston Salem Barber School,NC,Private for-profit,2024
199999,Winston-Salem State University,NC,Public,2024
200004,Western Carolina University,NC,Public,2024
200013,Rasmussen University-North Dakota,ND,Private for-profit,2024
200022,Bismarck State College,ND,Public,2024
200059,Dickinson State University,ND,Public,2024
200086,Nueta Hidatsa Sahnish College,ND,Public,2024
200110,"Josef's School of Hair, Skin & Body-Grand Forks",ND,Private for-profit,2024
200156,University of Jamestown,ND,Private not-for-profit,2024
200192,Lake Region State College,ND,Public,2024
200208,Cankdeska Cikana Community College,ND,Public,2024
200217,University of Mary,ND,Private not-for-profit,2024
200226,Mayville State University,ND,Public,2024
200253,Minot State University,ND,Public,2024
200280,University of North Dakota,ND,Public,2024
200305,North Dakota State College of Science,ND,Public,2024
200314,Dakota College at Bottineau,ND,Public,2024
200332,North Dakota State University-Main Campus,ND,Public,2024
200341,Williston State College,ND,Public,2024
200466,Sitting Bull College,ND,Public,2024
200484,Trinity Bible College and Graduate School,ND,Private not-for-profit,2024
200527,Turtle Mountain Community College,ND,Private not-for-profit,2024
200554,United Tribes Technical College,ND,Private not-for-profit,2024
200572,Valley City State University,ND,Public,2024
200590,ETI Technical College of Niles,OH,Private for-profit,2024
200697,Air Force Institute of Technology-Graduate School of Engineering & Management,OH,Public,2024
200785,Herzing University-Akron,OH,Private not-for-profit,2024
200800,University of Akron Main Campus,OH,Public,2024
200846,University of Akron Wayne College,OH,Public,2024
200873,Allegheny Wesleyan College,OH,Private not-for-profit,2024
201034,Apollo Career Center,OH,Public,2024
201061,Art Academy of Cincinnati,OH,Private not-for-profit,2024
201098,Ashland County-West Holmes Career Center,OH,Public,2024
201104,Ashland University,OH,Private not-for-profit,2024
201131,Ashtabula County Technical and Career Campus,OH,Public,2024
201140,Athenaeum of Ohio,OH,Private not-for-profit,2024
201159,Auburn Career Center,OH,Public,2024
201177,Aultman College of Nursing and Health Sciences,OH,Private not-for-profit,2024
201195,Baldwin Wallace University,OH,Private not-for-profit,2024
201283,Belmont College,OH,Public,2024
201371,Bluffton University,OH,Private not-for-profit,2024
201432,Bowling Green State University-Firelands,OH,Public,2024
201441,Bowling Green State University-Main Campus,OH,Public,2024
201469,Bryant & Stratton College-Parma,OH,Private not-for-profit,2024
201478,Buckeye Hills Career Center,OH,Public,2024
201496,Butler Technology and Career Development Schools,OH,Public,2024
201539,Canton City Schools Adult Career and Technical Education,OH,Public,2024
201548,Capital University,OH,Private not-for-profit,2024
201645,Case Western Reserve University,OH,Private not-for-profit,2024
201654,Cedarville University,OH,Private not-for-profit,2024
201672,Central Ohio Technical College,OH,Public,2024
201681,Central School of Practical Nursing,OH,Private not-for-profit,2024
201690,Central State University,OH,Public,2024
201803,Choffin Career  and Technical Center,OH,Public,2024
201821,The Christ College of Nursing and Health Sciences,OH,Private not-for-profit,2024
201867,Cincinnati College of Mortuary Science,OH,Private not-for-profit,2024
201885,University of Cincinnati-Main Campus,OH,Public,2024
201928,Cincinnati State Technical and Community College,OH,Public,2024
201946,University of Cincinnati-Clermont College,OH,Public,2024
201955,University of Cincinnati-Blue Ash College,OH,Public,2024
201964,Ohio Christian University,OH,Private not-for-profit,2024
201973,Clark State College,OH,Public,2024
202046,Cleveland Institute of Art,OH,Private not-for-profit,2024
202073,Cleveland Institute of Music,OH,Private not-for-profit,2024
202134,Cleveland State University,OH,Public,2024
202152,Columbiana County Career and Technical Center,OH,Public,2024
202170,Columbus College of Art & Design,OH,Private not-for-profit,2024
202222,Columbus State Community College,OH,Public,2024
202356,Cuyahoga Community College District,OH,Public,2024
202435,Davis College,OH,Private for-profit,2024
202453,Dayton Barber College,OH,Private for-profit,2024
202480,University of Dayton,OH,Private not-for-profit,2024
202514,Defiance College,OH,Private not-for-profit,2024
202523,Denison University,OH,Private not-for-profit,2024
202648,Edison State Community College,OH,Public,2024
202657,EHOVE Career Center,OH,Public,2024
202763,The University of Findlay,OH,Private not-for-profit,2024
202806,Franklin University,OH,Private not-for-profit,2024
202888,Gerbers Akron Beauty School,OH,Private for-profit,2024
202903,Gods Bible School and College,OH,Private not-for-profit,2024
202912,Good Samaritan College of Nursing and Health Science,OH,Private not-for-profit,2024
202949,Great Oaks Career Campuses,OH,Public,2024
202985,Hannah E Mullins School of Practical Nursing,OH,Public,2024
203030,Adult and Community Education-Hudson,OH,Public,2024
203067,Hebrew Union College-Jewish Institute of Religion,NY,Private not-for-profit,2024
203085,Heidelberg University,OH,Private not-for-profit,2024
203128,Hiram College,OH,Private not-for-profit,2024
203146,Hobart Institute of Welding Technology,OH,Private not-for-profit,2024
203155,Hocking College,OH,Public,2024
203234,Ross Medical Education Center-Cincinnati,OH,Private for-profit,2024
203289,International College of Broadcasting,OH,Private for-profit,2024
203331,Eastern Gateway Community College,OH,Public,2024
203368,John Carroll University,OH,Private not-for-profit,2024
203386,Hondros College of Nursing,OH,Private for-profit,2024
203438,Casal Aveda Institute,OH,Private for-profit,2024
203447,Kent State University at Ashtabula,OH,Public,2024
203456,Kent State University at East Liverpool,OH,Public,2024
203465,Kent State University at Stark,OH,Public,2024
203474,Kent State University at Trumbull,OH,Public,2024
203483,Kent State University at Tuscarawas,OH,Public,2024
203492,Kent State University at Salem,OH,Public,2024
203517,Kent State University at Kent,OH,Public,2024
203526,Kent State University at Geauga,OH,Public,2024
203535,Kenyon College,OH,Private not-for-profit,2024
203544,Kettering College,OH,Private not-for-profit,2024
203580,Lake Erie College,OH,Private not-for-profit,2024
203599,Lakeland Community College,OH,Public,2024
203614,Collins Career Technical Center,OH,Public,2024
203678,James A. Rhodes State College,OH,Public,2024
203720,Ohio Business College-Sheffield,OH,Private for-profit,2024
203739,Ohio Business College-Sandusky,OH,Private for-profit,2024
203748,Lorain County Community College,OH,Public,2024
203757,Lourdes University,OH,Private not-for-profit,2024
203775,Malone University,OH,Private not-for-profit,2024
203845,Marietta College,OH,Private not-for-profit,2024
203881,Marion Technical College,OH,Public,2024
203942,Medina County Career Center,OH,Public,2024
203960,Mercy College of Ohio,OH,Private not-for-profit,2024
203997,Methodist Theological School in Ohio,OH,Private not-for-profit,2024
204006,Miami University-Hamilton,OH,Public,2024
204015,Miami University-Middletown,OH,Public,2024
204024,Miami University-Oxford,OH,Public,2024
204121,Moler Hollywood Beauty Academy,OH,Private for-profit,2024
204158,Miami Valley Career Technology Center,OH,Public,2024
204176,Mount Carmel College of Nursing,OH,Private not-for-profit,2024
204185,University of Mount Union,OH,Private not-for-profit,2024
204194,Mount Vernon Nazarene University,OH,Private not-for-profit,2024
204200,Mount St. Joseph University,OH,Private not-for-profit,2024
204255,Zane State College,OH,Public,2024
204264,Muskingum University,OH,Private not-for-profit,2024
204334,National Beauty College,OH,Private for-profit,2024
204422,North Central State College,OH,Public,2024
204431,Northern Institute of Cosmetology,OH,Private for-profit,2024
204440,Northwest State Community College,OH,Public,2024
204459,Toledo Public Schools Adult and Continuing Education,OH,Public,2024
204468,Notre Dame College,OH,Private not-for-profit,2024
204477,Northeast Ohio Medical University,OH,Public,2024
204486,University of Northwestern Ohio,OH,Private not-for-profit,2024
204501,Oberlin College,OH,Private not-for-profit,2024
204608,Ohio Technical College,OH,Private for-profit,2024
204617,Ohio Dominican University,OH,Private not-for-profit,2024
204635,Ohio Northern University,OH,Private not-for-profit,2024
204662,Ohio State University Agricultural Technical Institute,OH,Public,2024
204671,Ohio State University-Lima Campus,OH,Public,2024
204680,Ohio State University-Mansfield Campus,OH,Public,2024
204699,Ohio State University-Marion Campus,OH,Public,2024
204705,Ohio State University-Newark Campus,OH,Public,2024
204714,Ohio State Beauty Academy,OH,Private for-profit,2024
204723,Ohio State College of Barber Styling,OH,Private for-profit,2024
204769,The Spa School,OH,Private for-profit,2024
204778,Ohio State School of Cosmetology-Canal Winchester,OH,Private for-profit,2024
204796,Ohio State University-Main Campus,OH,Public,2024
204802,Ohio University-Eastern Campus,OH,Public,2024
204820,Ohio University-Chillicothe Campus,OH,Public,2024
204839,Ohio University-Southern Campus,OH,Public,2024
204848,Ohio University-Lancaster Campus,OH,Public,2024
204857,Ohio University-Main Campus,OH,Public,2024
204866,Ohio University-Zanesville Campus,OH,Public,2024
204884,East Ohio College,OH,Private for-profit,2024
204893,Trinity Health System School of Nursing,OH,Private not-for-profit,2024
204909,Ohio Wesleyan University,OH,Private not-for-profit,2024
204936,Otterbein University,OH,Private not-for-profit,2024
204945,Owens Community College,OH,Public,2024
204963,Paramount Beauty Academy,OH,Private for-profit,2024
204981,Cuyahoga Valley Career Center,OH,Public,2024
204990,Payne Theological Seminary,OH,Private not-for-profit,2024
205027,Pontifical College Josephinum,OH,Private not-for-profit,2024
205054,Professional Skills Institute,OH,Private for-profit,2024
205090,Firelands Regional Medical Center School of Nursing,OH,Private not-for-profit,2024
205124,Rabbinical College Telshe,OH,Private not-for-profit,2024
205142,Raphael's School of Beauty Culture Inc-Niles,OH,Private for-profit,2024
205179,Fortis College-Centerville,OH,Private for-profit,2024
205203,University of Rio Grande,OH,Private not-for-profit,2024
205391,The Modern College of Design,OH,Private for-profit,2024
205443,Shawnee State University,OH,Public,2024
205470,Sinclair Community College,OH,Public,2024
205841,Stark State College,OH,Public,2024
205887,Stautzenberger College-Maumee,OH,Private for-profit,2024
205957,Franciscan University of Steubenville,OH,Private not-for-profit,2024
205966,Southern State Community College,OH,Public,2024
206011,Terra State Community College,OH,Public,2024
206039,Tiffin Academy of Hair Design,OH,Private for-profit,2024
206048,Tiffin University,OH,Private not-for-profit,2024
206084,University of Toledo,OH,Public,2024
206154,Tri-State Bible College,OH,Private not-for-profit,2024
206172,Tri-County Adult Career Center,OH,Public,2024
206181,Tri-Rivers Career Center,OH,Public,2024
206288,United Theological Seminary,OH,Private not-for-profit,2024
206321,Upper Valley Career Center,OH,Public,2024
206349,Ursuline College,OH,Private not-for-profit,2024
206437,Walsh University,OH,Private not-for-profit,2024
206446,Washington State College of Ohio,OH,Public,2024
206491,Wilberforce University,OH,Private not-for-profit,2024
206507,Wilmington College,OH,Private not-for-profit,2024
206516,Winebrenner Theological Seminary,OH,Private not-for-profit,2024
206525,Wittenberg University,OH,Private not-for-profit,2024
206589,The College of Wooster,OH,Private not-for-profit,2024
206604,Wright State University-Main Campus,OH,Public,2024
206613,Wright State University-Lake Campus,OH,Public,2024
206622,Xavier University,OH,Private not-for-profit,2024
206695,Youngstown State University,OH,Public,2024
206817,Bacone College,OK,Private not-for-profit,2024
206835,Oklahoma Wesleyan University,OK,Private not-for-profit,2024
206862,Southern Nazarene University,OK,Private not-for-profit,2024
206905,Pontotoc Technology Center,OK,Public,2024
206914,Cameron University,OK,Public,2024
206923,Carl Albert State College,OK,Public,2024
206932,Central Oklahoma College,OK,Private for-profit,2024
206941,University of Central Oklahoma,OK,Public,2024
206996,Connors State College,OK,Public,2024
207041,East Central University,OK,Public,2024
207050,Eastern Oklahoma State College,OK,Public,2024
207069,Redlands Community College,OK,Public,2024
207087,Formations Institute,OK,Private for-profit,2024
207102,Eves College of Hairstyling,OK,Private for-profit,2024
207157,Randall University,OK,Private not-for-profit,2024
207209,Langston University,OK,Public,2024
207236,Murray State College,OK,Public,2024
207254,Spartan College of Aeronautics and Technology,OK,Private for-profit,2024
207263,Northeastern State University,OK,Public,2024
207281,Northern Oklahoma College,OK,Public,2024
207290,Northeastern Oklahoma A&M College,OK,Public,2024
207306,Northwestern Oklahoma State University,OK,Public,2024
207315,Oklahoma State University Center for Health Sciences,OK,Public,2024
207324,Oklahoma Christian University,OK,Private not-for-profit,2024
207342,University of Oklahoma-Health Sciences Center,OK,Public,2024
207351,Oklahoma Panhandle State University,OK,Public,2024
207388,Oklahoma State University-Main Campus,OK,Public,2024
207397,Oklahoma State University-Oklahoma City,OK,Public,2024
207403,Oklahoma Baptist University,OK,Private not-for-profit,2024
207449,Oklahoma City Community College,OK,Public,2024
207458,Oklahoma City University,OK,Private not-for-profit,2024
207500,University of Oklahoma-Norman Campus,OK,Public,2024
207564,Oklahoma State University Institute of Technology,OK,Public,2024
207582,Oral Roberts University,OK,Private not-for-profit,2024
207661,Rogers State University,OK,Public,2024
207670,Rose State College,OK,Public,2024
207704,Jenks Beauty College,OK,Private for-profit,2024
207722,University of Science and Arts of Oklahoma,OK,Public,2024
207740,Seminole State College,OK,Public,2024
207786,Southern School of Beauty Inc,OK,Private for-profit,2024
207847,Southeastern Oklahoma State University,OK,Public,2024
207856,Southwestern Christian University,OK,Private not-for-profit,2024
207865,Southwestern Oklahoma State University,OK,Public,2024
207935,Tulsa Community College,OK,Public,2024
207962,Tulsa Welding School-Tulsa,OK,Private for-profit,2024
207971,University of Tulsa,OK,Private not-for-profit,2024
208035,Western Oklahoma State College,OK,Public,2024
208044,Formations Institute of Cosmetology & Barbering,OK,Private for-profit,2024
208053,High Plains Technology Center,OK,Public,2024
208275,Blue Mountain Community College,OR,Public,2024
208318,Central Oregon Community College,OR,Public,2024
208390,Chemeketa Community College,OR,Public,2024
208406,Clackamas Community College,OR,Public,2024
208415,Clatsop Community College,OR,Public,2024
208433,College of Hair Design Careers,OR,Private for-profit,2024
208479,Concorde Career College-Portland,OR,Private for-profit,2024
208512,Sumner College,OR,Private for-profit,2024
208637,East West College of the Healing Arts,OR,Private for-profit,2024
208646,Eastern Oregon University,OR,Public,2024
208725,New Hope Christian College-Eugene,OR,Private not-for-profit,2024
208822,George Fox University,OR,Private not-for-profit,2024
208859,Phagans Grants Pass College of Beauty,OR,Private for-profit,2024
209038,Lane Community College,OR,Public,2024
209056,Lewis & Clark College,OR,Private not-for-profit,2024
209065,Linfield University,OR,Private not-for-profit,2024
209074,Linn-Benton Community College,OR,Public,2024
209083,Northwest College-Beaverton,OR,Private for-profit,2024
209153,Phagans Medford Beauty School,OR,Private for-profit,2024
209205,Northwest College-Clackamas,OR,Private for-profit,2024
209241,Mount Angel Seminary,OR,Private not-for-profit,2024
209250,Mt Hood Community College,OR,Public,2024
209287,Multnomah University,OR,Private not-for-profit,2024
209296,National University of Natural Medicine,OR,Private not-for-profit,2024
209409,Bushnell University,OR,Private not-for-profit,2024
209490,Oregon Health & Science University,OR,Public,2024
209506,Oregon Institute of Technology,OR,Public,2024
209542,Oregon State University,OR,Public,2024
209551,University of Oregon,OR,Public,2024
209603,Pacific Northwest College of Art,OR,Private not-for-profit,2024
209612,Pacific University,OR,Private not-for-profit,2024
209667,Phagans Beauty College,OR,Private for-profit,2024
209676,Phagans Central Oregon Beauty College,OR,Private for-profit,2024
209694,Phagans School of Beauty,OR,Private for-profit,2024
209700,Phagans School of Hair Design,OR,Private for-profit,2024
209719,Summit Salon Academy-Portland,OR,Private for-profit,2024
209746,Portland Community College,OR,Public,2024
209807,Portland State University,OR,Public,2024
209825,University of Portland,OR,Private not-for-profit,2024
209922,Reed College,OR,Private not-for-profit,2024
209940,Rogue Community College,OR,Public,2024
210146,Southern Oregon University,OR,Public,2024
210155,Southwestern Oregon Community College,OR,Public,2024
210234,Treasure Valley Community College,OR,Public,2024
210270,Umpqua Community College,OR,Public,2024
210304,Warner Pacific University,OR,Private not-for-profit,2024
210331,Corban University,OR,Private not-for-profit,2024
210368,Western Seminary,OR,Private not-for-profit,2024
210401,Willamette University,OR,Private not-for-profit,2024
210429,Western Oregon University,OR,Public,2024
210438,University of Western States,OR,Private not-for-profit,2024
210492,Bryn Athyn College of the New Church,PA,Private not-for-profit,2024
210508,Academy of Vocal Arts,PA,Private not-for-profit,2024
210571,Albright College,PA,Private not-for-profit,2024
210599,All-State Career School,PA,Private for-profit,2024
210605,Community College of Allegheny County,PA,Public,2024
210669,Allegheny College,PA,Private not-for-profit,2024
210711,The  Beauty Institute,PA,Private for-profit,2024
210739,DeSales University,PA,Private not-for-profit,2024
210748,Altoona Beauty School Inc,PA,Private for-profit,2024
210775,Alvernia University,PA,Private not-for-profit,2024
210784,The Beauty Institute-Ambler,PA,Private for-profit,2024
210809,American College of Financial Services,PA,Private not-for-profit,2024
211006,Automotive Training Center-Exton,PA,Private for-profit,2024
211024,Clarks Summit University,PA,Private not-for-profit,2024
211079,Community College of Beaver County,PA,Public,2024
211088,Arcadia University,PA,Private not-for-profit,2024
211130,Missio Theological Seminary,PA,Private not-for-profit,2024
211273,Bryn Mawr College,PA,Private not-for-profit,2024
211291,Bucknell University,PA,Private not-for-profit,2024
211307,Bucks County Community College,PA,Public,2024
211316,Bucks County School of Beauty Culture Inc,PA,Private for-profit,2024
211334,Butler Beauty Academy,PA,Private for-profit,2024
211343,Butler County Community College,PA,Public,2024
211352,Cabrini University,PA,Private not-for-profit,2024
211431,Carlow University,PA,Private not-for-profit,2024
211440,Carnegie Mellon University,PA,Private not-for-profit,2024
211468,Cedar Crest College,PA,Private not-for-profit,2024
211477,Central Penn College,PA,Private for-profit,2024
211556,Chatham University,PA,Private not-for-profit,2024
211583,Chestnut Hill College,PA,Private not-for-profit,2024
211608,Cheyney University of Pennsylvania,PA,Public,2024
211635,Citizens School of Nursing,PA,Private not-for-profit,2024
211802,DLP Conemaugh Memorial Medical Center,PA,Private for-profit,2024
211893,Curtis Institute of Music,PA,Private not-for-profit,2024
211927,Delaware County Community College,PA,Public,2024
211981,Delaware Valley University,PA,Private not-for-profit,2024
212009,Dickinson College,PA,Private not-for-profit,2024
212045,Douglas Education Center,PA,Private for-profit,2024
212054,Drexel University,PA,Private not-for-profit,2024
212106,Duquesne University,PA,Private not-for-profit,2024
212115,East Stroudsburg University of Pennsylvania,PA,Public,2024
212133,Eastern University,PA,Private not-for-profit,2024
212197,Elizabethtown College,PA,Private not-for-profit,2024
212230,Empire Beauty School-Lebanon,PA,Private for-profit,2024
212267,Empire Beauty School-York,PA,Private for-profit,2024
212276,Empire Beauty School-Lancaster,PA,Private for-profit,2024
212294,Empire Beauty School-Shamokin Dam,PA,Private for-profit,2024
212300,Empire Beauty School-Pottsville,PA,Private for-profit,2024
212328,Empire Beauty  School-Lehigh Valley,PA,Private for-profit,2024
212337,Empire Beauty School-Gwinnett,GA,Private for-profit,2024
212355,Empire Beauty School-Wyoming Valley,PA,Private for-profit,2024
212382,Empire Beauty School-Harrisburg,PA,Private for-profit,2024
212391,Empire Beauty School-Reading,PA,Private for-profit,2024
212434,Erie Institute of Technology Inc,PA,Private for-profit,2024
212577,Franklin and Marshall College,PA,Private not-for-profit,2024
212601,Gannon University,PA,Private not-for-profit,2024
212656,Geneva College,PA,Private not-for-profit,2024
212674,Gettysburg College,PA,Private not-for-profit,2024
212753,Empire Beauty School-NE Philadelphia,PA,Private for-profit,2024
212771,Gratz College,PA,Private not-for-profit,2024
212805,Grove City College,PA,Private not-for-profit,2024
212832,Gwynedd Mercy University,PA,Private not-for-profit,2024
212869,Harcum College,PA,Private not-for-profit,2024
212878,Harrisburg Area Community College,PA,Public,2024
212911,Haverford College,PA,Private not-for-profit,2024
212975,Commonwealth Technical Institute,PA,Private not-for-profit,2024
212984,Holy Family University,PA,Private not-for-profit,2024
213011,Immaculata University,PA,Private not-for-profit,2024
213020,Indiana University of Pennsylvania-Main Campus,PA,Public,2024
213163,UPMC Jameson School of Nursing,PA,Private not-for-profit,2024
213181,Great Lakes Institute of Technology,PA,Private for-profit,2024
213233,Johnson College,PA,Private not-for-profit,2024
213251,Juniata College,PA,Private not-for-profit,2024
213303,Keystone College,PA,Private not-for-profit,2024
213321,King's College,PA,Private not-for-profit,2024
213330,Butler Beauty Academy-Kittanning Beauty Academy,PA,Private for-profit,2024
213349,Kutztown University of Pennsylvania,PA,Public,2024
213358,La Roche University,PA,Private not-for-profit,2024
213367,La Salle University,PA,Private not-for-profit,2024
213376,Lackawanna College,PA,Private not-for-profit,2024
213385,Lafayette College,PA,Private not-for-profit,2024
213400,Lancaster Bible College,PA,Private not-for-profit,2024
213446,Lancaster Theological Seminary,PA,Private not-for-profit,2024
213455,Lancaster School of Cosmetology & Therapeutic Bodywork,PA,Private for-profit,2024
213473,Lansdale School of Business,PA,Private for-profit,2024
213491,Lansdale School of Cosmetology Inc,PA,Private for-profit,2024
213507,Lebanon Valley College,PA,Private not-for-profit,2024
213525,Lehigh Carbon Community College,PA,Public,2024
213534,Miller-Motte College-Berks Technical Institute,PA,Private for-profit,2024
213543,Lehigh University,PA,Private not-for-profit,2024
213570,Lincoln Technical Institute-Allentown,PA,Private for-profit,2024
213589,Lincoln Technical Institute-Philadelphia,PA,Private for-profit,2024
213598,Lincoln University,PA,Public,2024
213622,UPMC St. Margaret School of Nursing,PA,Private not-for-profit,2024
213631,United Lutheran Seminary,PA,Private not-for-profit,2024
213659,Luzerne County Community College,PA,Public,2024
213668,Lycoming College,PA,Private not-for-profit,2024
213774,Manor College,PA,Private not-for-profit,2024
213826,Marywood University,PA,Private not-for-profit,2024
213914,Vet Tech Institute,PA,Private for-profit,2024
213932,Roxborough Memorial Hospital School of Nursing,PA,Private for-profit,2024
213987,Mercyhurst University,PA,Private not-for-profit,2024
213996,Messiah University,PA,Private not-for-profit,2024
214023,ASPIRA City College,PA,Private not-for-profit,2024
214041,Millersville University of Pennsylvania,PA,Public,2024
214069,Misericordia University,PA,Private not-for-profit,2024
214111,Montgomery County Community College,PA,Public,2024
214148,Moore College of Art and Design,PA,Private not-for-profit,2024
214157,Moravian University,PA,Private not-for-profit,2024
214166,Mount Aloysius College,PA,Private not-for-profit,2024
214175,Muhlenberg College,PA,Private not-for-profit,2024
214272,Neumann University,PA,Private not-for-profit,2024
214290,New Castle School of Trades,PA,Private for-profit,2024
214379,Northampton County Area Community College,PA,Public,2024
214476,Heritage Valley Health System School of Nursing,PA,Private not-for-profit,2024
214528,Orleans Technical College,PA,Private not-for-profit,2024
214564,Salus University,PA,Private not-for-profit,2024
214582,Pennsylvania Institute of Technology,PA,Private not-for-profit,2024
214591,Pennsylvania State University-Penn State Erie-Behrend College,PA,Public,2024
214607,Pennsylvania State University-Penn State Great Valley,PA,Public,2024
214625,Pennsylvania State University-Penn State New Kensington,PA,Public,2024
214634,Pennsylvania State University-Penn State Shenango,PA,Public,2024
214643,Pennsylvania State University-Penn State Wilkes-Barre,PA,Public,2024
214652,Pennsylvania State University-Penn State Scranton,PA,Public,2024
214661,Pennsylvania State System of Higher Education-Central Office,PA,Public,2024
214670,Pennsylvania State University-Penn State Lehigh Valley,PA,Public,2024
214689,Pennsylvania State University-Penn State Altoona,PA,Public,2024
214698,Pennsylvania State University-Penn State Beaver,PA,Public,2024
214704,Pennsylvania State University-Penn State Berks,PA,Public,2024
214713,Pennsylvania State University-Penn State Harrisburg,PA,Public,2024
214731,Pennsylvania State University-Penn State Brandywine,PA,Public,2024
214740,Pennsylvania State University-Penn State DuBois,PA,Public,2024
214759,Pennsylvania State University-Penn State Fayette- Eberly,PA,Public,2024
214768,Pennsylvania State University-Penn State Hazleton,PA,Public,2024
214777,Pennsylvania State University-Main Campus,PA,Public,2024
214786,Pennsylvania State University-Penn State Greater Allegheny,PA,Public,2024
214795,Pennsylvania State University-Penn State Mont Alto,PA,Public,2024
214801,Pennsylvania State University-Penn State Abington,PA,Public,2024
214810,Pennsylvania State University-Penn State Schuylkill,PA,Public,2024
214829,Pennsylvania State University-Penn State York,PA,Public,2024
214883,Peirce College,PA,Private not-for-profit,2024
214892,Penn Commercial Business/Technical School,PA,Private for-profit,2024
214944,Pennco Tech-Bristol,PA,Private for-profit,2024
214971,Pennsylvania Academy of the Fine Arts,PA,Private not-for-profit,2024
215008,Pennsylvania Gunsmith School,PA,Private for-profit,2024
215044,Cortiva Institute,PA,Private for-profit,2024
215053,Pennsylvania College of Art and Design,PA,Private not-for-profit,2024
215062,University of Pennsylvania,PA,Private not-for-profit,2024
215105,University of the Arts,PA,Private not-for-profit,2024
215114,Cairn University-Langhorne,PA,Private not-for-profit,2024
215123,Philadelphia College of Osteopathic Medicine,PA,Private not-for-profit,2024
215239,Community College of Philadelphia,PA,Public,2024
215266,University of Pittsburgh-Bradford,PA,Public,2024
215275,University of Pittsburgh-Greensburg,PA,Public,2024
215284,University of Pittsburgh-Johnstown,PA,Public,2024
215293,University of Pittsburgh-Pittsburgh Campus,PA,Public,2024
215309,University of Pittsburgh-Titusville,PA,Public,2024
215336,Beaver Falls Beauty Academy,PA,Private for-profit,2024
215381,Pittsburgh Institute of Aeronautics,PA,Private not-for-profit,2024
215390,Pittsburgh Institute of Mortuary Science Inc,PA,Private not-for-profit,2024
215415,Pittsburgh Technical College,PA,Private not-for-profit,2024
215424,Pittsburgh Theological Seminary,PA,Private not-for-profit,2024
215442,Point Park University,PA,Private not-for-profit,2024
215479,Joseph F McCloskey School of Nursing,PA,Private not-for-profit,2024
215530,The Salon Professional Academy-Altoona,PA,Private for-profit,2024
215585,Reading Area Community College,PA,Public,2024
215594,Reading Hospital School of Health Sciences,PA,Private not-for-profit,2024
215619,Reconstructionist Rabbinical College,PA,Private not-for-profit,2024
215637,Walnut Hill College,PA,Private for-profit,2024
215655,Robert Morris University,PA,Private not-for-profit,2024
215682,Rosedale Technical College,PA,Private not-for-profit,2024
215691,Rosemont College,PA,Private not-for-profit,2024
215743,Saint Francis University,PA,Private not-for-profit,2024
215770,Saint Joseph's University - Philadelphia,PA,Private not-for-profit,2024
215798,Saint Vincent College,PA,Private not-for-profit,2024
215813,Saint Vincent Seminary,PA,Private not-for-profit,2024
215886,Schuylkill Technology Center,PA,Public,2024
215929,University of Scranton,PA,Private not-for-profit,2024
215947,Seton Hill University,PA,Private not-for-profit,2024
215974,UPMC Shadyside School of Nursing,PA,Private not-for-profit,2024
215983,Sharon Regional School of Nursing,PA,Private for-profit,2024
215992,Laurel Technical Institute,PA,Private for-profit,2024
216010,Shippensburg University of Pennsylvania,PA,Public,2024
216038,Slippery Rock University of Pennsylvania,PA,Public,2024
216047,Saint Charles Borromeo Seminary-Overbrook,PA,Private not-for-profit,2024
216074,South Hills Beauty Academy,PA,Private for-profit,2024
216083,South Hills School of Business & Technology,PA,Private for-profit,2024
216162,St Lukes Hospital School of Nursing,PA,Private not-for-profit,2024
216223,The Beauty Institute,PA,Private for-profit,2024
216278,Susquehanna University,PA,Private not-for-profit,2024
216287,Swarthmore College,PA,Private not-for-profit,2024
216296,Thaddeus Stevens College of Technology,PA,Public,2024
216311,Talmudical Yeshiva of Philadelphia,PA,Private not-for-profit,2024
216339,Temple University,PA,Public,2024
216348,Theological Seminary of the Reformed Episcopal Church,PA,Private not-for-profit,2024
216357,Thiel College,PA,Private not-for-profit,2024
216366,Thomas Jefferson University,PA,Private not-for-profit,2024
216436,Triangle Tech Inc-Pittsburgh,PA,Private for-profit,2024
216445,Triangle Tech Inc-Greensburg,PA,Private for-profit,2024
216454,Triangle Tech Inc-Dubois,PA,Private for-profit,2024
216463,Trinity Anglican Seminary,PA,Private not-for-profit,2024
216524,Ursinus College,PA,Private not-for-profit,2024
216542,University of Valley Forge,PA,Private not-for-profit,2024
216551,Valley Forge Military College,PA,Private not-for-profit,2024
216579,Venus Beauty Academy,PA,Private for-profit,2024
216597,Villanova University,PA,Private not-for-profit,2024
216630,Washington Health System School of Nursing,PA,Private not-for-profit,2024
216667,Washington & Jefferson College,PA,Private not-for-profit,2024
216694,Waynesburg University,PA,Private not-for-profit,2024
216746,Welder Training and Testing Institute,PA,Private for-profit,2024
216764,West Chester University of Pennsylvania,PA,Public,2024
216773,Western Pennsylvania Hospital School of Nursing,PA,Private not-for-profit,2024
216807,Westminster College,PA,Private not-for-profit,2024
216816,Westminster Theological Seminary,PA,Private not-for-profit,2024
216825,Westmoreland County Community College,PA,Public,2024
216852,Widener University,PA,Private not-for-profit,2024
216931,Wilkes University,PA,Private not-for-profit,2024
216940,Williamson College of the Trades,PA,Private not-for-profit,2024
217013,Wilson College,PA,Private not-for-profit,2024
217040,Yeshivath Beth Moshe,PA,Private not-for-profit,2024
217059,York College of Pennsylvania,PA,Private not-for-profit,2024
217077,YTI Career Institute-York,PA,Private for-profit,2024
217156,Brown University,RI,Private not-for-profit,2024
217165,Bryant University,RI,Private not-for-profit,2024
217235,Johnson & Wales University-Providence,RI,Private not-for-profit,2024
217305,New England Institute of Technology,RI,Private not-for-profit,2024
217323,New England Tractor Trailer Training School of Rhode Island,RI,Private for-profit,2024
217402,Providence College,RI,Private not-for-profit,2024
217420,Rhode Island College,RI,Public,2024
217475,Community College of Rhode Island,RI,Public,2024
217484,University of Rhode Island,RI,Public,2024
217493,Rhode Island School of Design,RI,Private not-for-profit,2024
217518,Roger Williams University,RI,Private not-for-profit,2024
217536,Salve Regina University,RI,Private not-for-profit,2024
217581,Empire Beauty School-Warwick,RI,Private for-profit,2024
217606,Northpoint Bible College,MA,Private not-for-profit,2024
217615,Aiken Technical College,SC,Public,2024
217624,Allen University,SC,Private not-for-profit,2024
217633,Anderson University,SC,Private not-for-profit,2024
217688,Charleston Southern University,SC,Private not-for-profit,2024
217712,Technical College of the Lowcountry,SC,Public,2024
217721,Benedict College,SC,Private not-for-profit,2024
217749,Bob Jones University,SC,Private not-for-profit,2024
217776,Southern Wesleyan University,SC,Private not-for-profit,2024
217794,Charleston Cosmetology Institute,SC,Private for-profit,2024
217819,College of Charleston,SC,Public,2024
217828,Charzanne Beauty College,SC,Private for-profit,2024
217837,Northeastern Technical College,SC,Public,2024
217864,Citadel Military College of South Carolina,SC,Public,2024
217873,Claflin University,SC,Private not-for-profit,2024
217882,Clemson University,SC,Public,2024
217891,Clinton College,SC,Private not-for-profit,2024
217907,Coker University,SC,Private not-for-profit,2024
217925,Columbia International University,SC,Private not-for-profit,2024
217934,Columbia College,SC,Private not-for-profit,2024
217961,Converse University,SC,Private not-for-profit,2024
217989,Denmark Technical College,SC,Public,2024
217998,Erskine College,SC,Private not-for-profit,2024
218025,Florence-Darlington Technical College,SC,Public,2024
218061,Francis Marion University,SC,Public,2024
218070,Furman University,SC,Private not-for-profit,2024
218113,Greenville Technical College,SC,Public,2024
218140,Horry-Georgetown Technical College,SC,Public,2024
218159,Kenneth Shuler School of Cosmetology-North Augusta,SC,Private for-profit,2024
218195,Kenneth Shuler School of Cosmetology and Nails-Columbia,SC,Private for-profit,2024
218229,Lander University,SC,Public,2024
218238,Limestone University,SC,Private not-for-profit,2024
218335,Medical University of South Carolina,SC,Public,2024
218353,Midlands Technical College,SC,Public,2024
218399,Morris College,SC,Private not-for-profit,2024
218414,Newberry College,SC,Private not-for-profit,2024
218441,North Greenville University,SC,Private not-for-profit,2024
218487,Orangeburg Calhoun Technical College,SC,Public,2024
218520,Piedmont Technical College,SC,Public,2024
218539,Presbyterian College,SC,Private not-for-profit,2024
218645,University of South Carolina Aiken,SC,Public,2024
218654,University of South Carolina Beaufort,SC,Public,2024
218663,University of South Carolina-Columbia,SC,Public,2024
218672,University of South Carolina-Lancaster,SC,Public,2024
218681,University of South Carolina-Salkehatchie,SC,Public,2024
218690,University of South Carolina-Sumter,SC,Public,2024
218706,University of South Carolina-Union,SC,Public,2024
218724,Coastal Carolina University,SC,Public,2024
218733,South Carolina State University,SC,Public,2024
218742,University of South Carolina-Upstate,SC,Public,2024
218751,Sherman College of Chiropractic,SC,Private not-for-profit,2024
218821,Spartanburg Methodist College,SC,Private not-for-profit,2024
218830,Spartanburg Community College,SC,Public,2024
218858,Central Carolina Technical College,SC,Public,2024
218885,Tri-County Technical College,SC,Public,2024
218894,Trident Technical College,SC,Public,2024
218919,Voorhees University,SC,Private not-for-profit,2024
218955,Williamsburg Technical College,SC,Public,2024
218964,Winthrop University,SC,Public,2024
218973,Wofford College,SC,Private not-for-profit,2024
218991,York Technical College,SC,Public,2024
219000,Augustana University,SD,Private not-for-profit,2024
219037,The Salon Professional Academy,SD,Private for-profit,2024
219046,Black Hills State University,SD,Public,2024
219082,Dakota State University,SD,Public,2024
219091,Dakota Wesleyan University,SD,Private not-for-profit,2024
219125,Paul Mitchell the School-Rapid City,SD,Private for-profit,2024
219143,Lake Area Technical College,SD,Public,2024
219189,Mitchell Technical College,SD,Public,2024
219198,Mount Marty University,SD,Private not-for-profit,2024
219204,National American University-Rapid City,SD,Private for-profit,2024
219240,Kairos University,SD,Private not-for-profit,2024
219259,Northern State University,SD,Public,2024
219277,Oglala Lakota College,SD,Public,2024
219338,Avera Sacred Heart Hospital,SD,Private not-for-profit,2024
219347,South Dakota School of Mines and Technology,SD,Public,2024
219356,South Dakota State University,SD,Public,2024
219374,Sinte Gleska University,SD,Public,2024
219383,University of Sioux Falls,SD,Private not-for-profit,2024
219392,Sanford Medical Center,SD,Private not-for-profit,2024
219408,Sisseton Wahpeton College,SD,Public,2024
219426,Southeast Technical College,SD,Public,2024
219453,Stewart School,SD,Private for-profit,2024
219471,University of South Dakota,SD,Public,2024
219480,Western Dakota Technical College,SD,Public,2024
219505,American Baptist College,TN,Private not-for-profit,2024
219587,Arnolds Beauty School,TN,Private for-profit,2024
219596,TCAT Athens,TN,Public,2024
219602,Austin Peay State University,TN,Public,2024
219639,Baptist Health Sciences University,TN,Private not-for-profit,2024
219709,Belmont University,TN,Private not-for-profit,2024
219718,Bethel University,TN,Private not-for-profit,2024
219790,Bryan College-Dayton,TN,Private not-for-profit,2024
219806,Carson-Newman University,TN,Private not-for-profit,2024
219824,Chattanooga State Community College,TN,Public,2024
219833,Christian Brothers University,TN,Private not-for-profit,2024
219842,Pentecostal Theological Seminary,TN,Private not-for-profit,2024
219851,Austin's Beauty College Inc,TN,Private for-profit,2024
219879,Cleveland State Community College,TN,Public,2024
219888,Columbia State Community College,TN,Public,2024
219903,Concorde Career College-Memphis,TN,Private for-profit,2024
219949,Cumberland University,TN,Private not-for-profit,2024
219976,Lipscomb University,TN,Private not-for-profit,2024
219994,Tennessee College of Applied Technology-Dickson,TN,Public,2024
220057,Dyersburg State Community College,TN,Public,2024
220075,East Tennessee State University,TN,Public,2024
220118,Chattanooga College Medical Dental and & Technical Careers,TN,Private for-profit,2024
220127,Tennessee College of Applied Technology-Elizabethton,TN,Public,2024
220163,The Hair Academy LLC,TN,Private for-profit,2024
220181,Fisk University,TN,Private not-for-profit,2024
220206,Welch College,TN,Private not-for-profit,2024
220215,Freed-Hardeman University,TN,Private not-for-profit,2024
220251,Tennessee College of Applied Technology-Harriman,TN,Public,2024
220279,Tennessee College of Applied Technology-Hartsville,TN,Public,2024
220321,Tennessee College of Applied Technology-Hohenwald,TN,Public,2024
220394,Tennessee College of Applied Technology-Jacksboro,TN,Public,2024
220400,Jackson State Community College,TN,Public,2024
220464,John A Gupton College,TN,Private not-for-profit,2024
220473,Johnson University,TN,Private not-for-profit,2024
220491,Paul Mitchell the School-Murfreesboro,TN,Private for-profit,2024
220516,King University,TN,Private not-for-profit,2024
220552,South College,TN,Private for-profit,2024
220598,Lane College,TN,Private not-for-profit,2024
220604,Le Moyne-Owen College,TN,Private not-for-profit,2024
220613,Lee University,TN,Private not-for-profit,2024
220631,Lincoln Memorial University,TN,Private not-for-profit,2024
220640,Tennessee College of Applied Technology-Livingston,TN,Public,2024
220701,The University of Tennessee Southern,TN,Public,2024
220710,Maryville College,TN,Private not-for-profit,2024
220756,Tennessee College of Applied Technology-McKenzie,TN,Public,2024
220765,Genesis Career College-Cookeville,TN,Private for-profit,2024
220792,Meharry Medical College,TN,Private not-for-profit,2024
220853,Tennessee College of Applied Technology-Memphis,TN,Public,2024
220862,University of Memphis,TN,Public,2024
220871,Memphis Theological Seminary,TN,Private not-for-profit,2024
220978,Middle Tennessee State University,TN,Public,2024
220996,Middle Tennessee School of Anesthesia Inc,TN,Private not-for-profit,2024
221050,Tennessee College of Applied Technology-Morristown,TN,Public,2024
221096,Motlow State Community College,TN,Public,2024
221102,Tennessee College of Applied Technology-Murfreesboro,TN,Public,2024
221148,Lincoln College of Technology-Nashville,TN,Private for-profit,2024
221184,Nashville State Community College,TN,Public,2024
221236,Tennessee College of Applied Technology Northwest,TN,Public,2024
221281,Tennessee College of Applied Technology-Henry/Carroll,TN,Public,2024
221333,Tennessee College of Applied Technology-Pulaski,TN,Public,2024
221351,Rhodes College,TN,Private not-for-profit,2024
221397,Roane State Community College,TN,Public,2024
221430,Tennessee College of Applied Technology-Crump,TN,Public,2024
221485,Southwest Tennessee Community College,TN,Public,2024
221494,Tennessee College of Applied Technology-Shelbyville,TN,Public,2024
221519,The University of the South,TN,Private not-for-profit,2024
221582,Tennessee College of Applied Technology-Oneida-Huntsville,TN,Public,2024
221591,Tennessee College of Applied Technology-Upper Cumberland,TN,Public,2024
221607,Tennessee College of Applied Technology-McMinnville,TN,Public,2024
221616,Tennessee College of Applied Technology-Jackson,TN,Public,2024
221625,Tennessee College of Applied Technology-Knoxville,TN,Public,2024
221643,Pellissippi State Community College,TN,Public,2024
221661,Southern Adventist University,TN,Private not-for-profit,2024
221670,Southern College of Optometry,TN,Private not-for-profit,2024
221731,Tennessee Wesleyan University,TN,Private not-for-profit,2024
221740,The University of Tennessee-Chattanooga,TN,Public,2024
221759,The University of Tennessee-Knoxville,TN,Public,2024
221768,The University of Tennessee-Martin,TN,Public,2024
221829,Tennessee School of Beauty of Knoxville Inc,TN,Private for-profit,2024
221838,Tennessee State University,TN,Public,2024
221847,Tennessee Technological University,TN,Public,2024
221892,Trevecca Nazarene University,TN,Private not-for-profit,2024
221908,Northeast State Community College,TN,Public,2024
221953,Tusculum University,TN,Private not-for-profit,2024
221971,Union University,TN,Private not-for-profit,2024
221999,Vanderbilt University,TN,Private not-for-profit,2024
222053,Volunteer State Community College,TN,Public,2024
222062,Walters State Community College,TN,Public,2024
222105,William R Moore College of Technology,TN,Private not-for-profit,2024
222178,Abilene Christian University,TX,Private not-for-profit,2024
222497,Alamo Community College District Central Office,TX,Public,2024
222567,Alvin Community College,TX,Public,2024
222576,Amarillo College,TX,Public,2024
222628,Amberton University,TX,Private not-for-profit,2024
222822,Angelina College,TX,Public,2024
222831,Angelo State University,TX,Public,2024
222877,Arlington Baptist University,TX,Private not-for-profit,2024
222886,Arlington Career Institute,TX,Private for-profit,2024
222983,Austin College,TX,Private not-for-profit,2024
222992,Austin Community College District,TX,Public,2024
223001,Austin Presbyterian Theological Seminary,TX,Private not-for-profit,2024
223056,Baldwin Beauty School-South Austin,TX,Private for-profit,2024
223083,Baptist Health System School of Health Professions,TX,Private for-profit,2024
223117,Baptist Missionary Association Theological Seminary,TX,Private not-for-profit,2024
223223,Baylor College of Medicine,TX,Private not-for-profit,2024
223232,Baylor University,TX,Private not-for-profit,2024
223320,Coastal Bend College,TX,Public,2024
223427,Blinn College District,TX,Public,2024
223463,Remington College-Dallas Campus,TX,Private not-for-profit,2024
223472,Vet Tech Institute of Houston,TX,Private for-profit,2024
223506,Brazosport College,TX,Public,2024
223816,Central Texas College,TX,Public,2024
223852,Charles and Sues School of Hair Design,TX,Private for-profit,2024
223898,Cisco College,TX,Public,2024
223922,Clarendon College,TX,Public,2024
224004,Concordia University Texas,TX,Private not-for-profit,2024
224013,BK Cosmo College of Cosmetology,TX,Private for-profit,2024
224110,North Central Texas College,TX,Public,2024
224147,Texas A & M University-Corpus Christi,TX,Public,2024
224156,Paul Mitchell the School-Dallas,TX,Private for-profit,2024
224226,Dallas Baptist University,TX,Private not-for-profit,2024
224244,Dallas Christian College,TX,Private not-for-profit,2024
224271,Dallas Institute of Funeral Service,TX,Private not-for-profit,2024
224305,Dallas Theological Seminary,TX,Private not-for-profit,2024
224323,University of Dallas,TX,Private not-for-profit,2024
224350,Del Mar College,TX,Public,2024
224527,East Texas Baptist University,TX,Private not-for-profit,2024
224545,Texas A&M University-Texarkana,TX,Public,2024
224554,East Texas A&M University,TX,Public,2024
224615,Dallas College,TX,Public,2024
224642,El Paso Community College,TX,Public,2024
224660,Western Technical College,TX,Private for-profit,2024
224679,Western Technical College,TX,Private for-profit,2024
224712,Episcopal Theological Seminary of the Southwest,TX,Private not-for-profit,2024
224758,Exposito School of Hair Design,TX,Private for-profit,2024
224828,Fort Worth Beauty School,TX,Private for-profit,2024
224891,Frank Phillips College,TX,Public,2024
224961,Galveston College,TX,Public,2024
225043,Graham's Barber College,TX,Private for-profit,2024
225070,Grayson College,TX,Public,2024
225201,Hallmark University,TX,Private not-for-profit,2024
225247,Hardin-Simmons University,TX,Private not-for-profit,2024
225308,Trinity Valley Community College,TX,Public,2024
225371,Hill College,TX,Public,2024
225399,Houston Christian University,TX,Private not-for-profit,2024
225414,University of Houston-Clear Lake,TX,Public,2024
225423,Houston Community College,TX,Public,2024
225432,University of Houston-Downtown,TX,Public,2024
225502,University of Houston-Victoria,TX,Public,2024
225511,University of Houston,TX,Public,2024
225520,Howard College,TX,Public,2024
225548,Howard Payne University,TX,Private not-for-profit,2024
225575,Huston-Tillotson University,TX,Private not-for-profit,2024
225627,University of the Incarnate Word,TX,Private not-for-profit,2024
225876,Jacksonville College-Main Campus,TX,Private not-for-profit,2024
225885,Jarvis Christian University,TX,Private not-for-profit,2024
225991,KD Conservatory College of Film and Dramatic Arts,TX,Private for-profit,2024
226019,Kilgore College,TX,Public,2024
226091,Lamar University,TX,Public,2024
226107,Lamar State College-Orange,TX,Public,2024
226116,Lamar State College-Port Arthur,TX,Public,2024
226125,Laredo Beauty College Inc,TX,Private for-profit,2024
226134,Laredo College,TX,Public,2024
226152,Texas A & M International University,TX,Public,2024
226204,Lee College,TX,Public,2024
226231,LeTourneau University,TX,Private not-for-profit,2024
226277,Lincoln College of Technology-Grand Prairie,TX,Private for-profit,2024
226383,Lubbock Christian University,TX,Private not-for-profit,2024
226408,College of the Mainland,TX,Public,2024
226471,University of Mary Hardin-Baylor,TX,Private not-for-profit,2024
226578,McLennan Community College,TX,Public,2024
226587,McMurry University,TX,Private not-for-profit,2024
226675,Covenant School of Nursing and Allied Health,TX,Private not-for-profit,2024
226806,Midland College,TX,Public,2024
226833,Midwestern State University,TX,Public,2024
226860,William Edge Institute,TX,Private for-profit,2024
226879,Wade College,TX,Private for-profit,2024
226903,Southern Careers Institute-Austin,TX,Private for-profit,2024
227058,Tint School of Makeup & Cosmetology,TX,Private for-profit,2024
227146,Navarro College,TX,Public,2024
227182,Lone Star College System,TX,Public,2024
227216,University of North Texas,TX,Public,2024
227225,Northeast Texas Community College,TX,Public,2024
227289,Oblate School of Theology,TX,Private not-for-profit,2024
227298,Ocean Corporation,TX,Private for-profit,2024
227304,Odessa College,TX,Public,2024
227313,Ogle School Hair Skin Nails-Arlington,TX,Private for-profit,2024
227322,Ogle School Hair Skin Nails-Ft Worth,TX,Private for-profit,2024
227331,Our Lady of the Lake University,TX,Private not-for-profit,2024
227368,The University of Texas Rio Grande Valley,TX,Public,2024
227377,Texas Southmost College,TX,Public,2024
227386,Panola College,TX,Public,2024
227401,Paris Junior College,TX,Public,2024
227429,Paul Quinn College,TX,Private not-for-profit,2024
227526,Prairie View A & M University,TX,Public,2024
227687,Ranger College,TX,Public,2024
227748,Aviation Institute of Maintenance-Houston,TX,Private for-profit,2024
227757,Rice University,TX,Private not-for-profit,2024
227845,Saint Edward's University,TX,Private not-for-profit,2024
227854,St Philip's College,TX,Public,2024
227863,University of St Thomas,TX,Private not-for-profit,2024
227881,Sam Houston State University,TX,Public,2024
227924,San Antonio College,TX,Public,2024
227979,San Jacinto Community College,TX,Public,2024
228042,Schreiner University,TX,Private not-for-profit,2024
228088,Seguin Beauty School-Seguin,TX,Private for-profit,2024
228149,St. Mary's University,TX,Private not-for-profit,2024
228158,South Plains College,TX,Public,2024
228185,South Texas Barber College Inc,TX,Private for-profit,2024
228194,South Texas College of Law Houston,TX,Private not-for-profit,2024
228200,South Texas Vocational Technical Institute-Weslaco,TX,Private for-profit,2024
228219,Miller-Motte College-STVT-McAllen,TX,Private for-profit,2024
228246,Southern Methodist University,TX,Private not-for-profit,2024
228282,Southwest School of Business and Technical Careers-San Antonio,TX,Private for-profit,2024
228316,Southwest Texas College,TX,Public,2024
228325,Nelson University,TX,Private not-for-profit,2024
228343,Southwestern University,TX,Private not-for-profit,2024
228431,Stephen F Austin State University,TX,Public,2024
228459,Texas State University,TX,Public,2024
228468,Southwestern Adventist University,TX,Private not-for-profit,2024
228486,Southwestern Christian College,TX,Private not-for-profit,2024
228501,Sul Ross State University,TX,Public,2024
228529,Tarleton State University,TX,Public,2024
228547,Tarrant County College District,TX,Public,2024
228608,Temple College,TX,Public,2024
228635,University of Texas Southwestern Medical Center,TX,Public,2024
228644,The University of Texas Health Science Center at San Antonio,TX,Public,2024
228653,The University of Texas Medical Branch at Galveston,TX,Public,2024
228699,Texarkana College,TX,Public,2024
228705,Texas A&M University-Kingsville,TX,Public,2024
228723,Texas A&M University-College Station,TX,Public,2024
228732,Texas A & M University-System Office,TX,Public,2024
228769,The University of Texas at Arlington,TX,Public,2024
228778,The University of Texas at Austin,TX,Public,2024
228787,The University of Texas at Dallas,TX,Public,2024
228796,The University of Texas at El Paso,TX,Public,2024
228802,The University of Texas at Tyler,TX,Public,2024
228866,Texas Chiropractic College Foundation Inc,TX,Private not-for-profit,2024
228875,Texas Christian University,TX,Private not-for-profit,2024
228884,Texas College,TX,Private not-for-profit,2024
228909,University of North Texas Health Science Center,TX,Public,2024
228981,Texas Lutheran University,TX,Private not-for-profit,2024
229018,The University of Texas Permian Basin,TX,Public,2024
229027,The University of Texas at San Antonio,TX,Public,2024
229063,Texas Southern University,TX,Public,2024
229090,The University of Texas System Office,TX,Public,2024
229115,Texas Tech University,TX,Public,2024
229160,Texas Wesleyan University,TX,Private not-for-profit,2024
229179,Texas Woman's University,TX,Public,2024
229267,Trinity University,TX,Private not-for-profit,2024
229300,The University of Texas Health Science Center at Houston,TX,Public,2024
229337,Texas Tech University Health Sciences Center,TX,Public,2024
229355,Tyler Junior College,TX,Public,2024
229407,University of Houston-System Administration,TX,Public,2024
229416,Universal Technical Institute of Texas Inc.,TX,Private for-profit,2024
229425,UCAS University of Cosmetology Arts & Sciences-McAllen,TX,Private for-profit,2024
229504,Vernon College,TX,Public,2024
229522,Victoria Beauty & Barber College,TX,Private for-profit,2024
229540,Victoria College,TX,Public,2024
229656,Vogue College of Cosmetology-McAllen,TX,Private for-profit,2024
229780,Wayland Baptist University,TX,Private not-for-profit,2024
229799,Weatherford College,TX,Public,2024
229814,West Texas A & M University,TX,Public,2024
229832,Western Texas College,TX,Public,2024
229841,Wharton County Junior College,TX,Public,2024
229887,Wiley University,TX,Private not-for-profit,2024
230010,Bridgerland Technical College,UT,Public,2024
230038,Brigham Young University,UT,Private not-for-profit,2024
230047,Brigham Young University-Hawaii,HI,Private not-for-profit,2024
230065,Cameo College of Essential Beauty,UT,Private for-profit,2024
230144,Collectiv Academy,UT,Private for-profit,2024
230162,Davis Technical College,UT,Public,2024
230171,Utah Tech University,UT,Public,2024
230199,Evans Hairstyling College-Cedar City,UT,Private for-profit,2024
230205,Evans Hairstyling College-St George,UT,Private for-profit,2024
230214,Paul Mitchell the School-Salt Lake City,UT,Private for-profit,2024
230366,Eagle Gate College-Murray,UT,Private for-profit,2024
230418,Ensign College,UT,Private not-for-profit,2024
230490,Ogden-Weber Technical College,UT,Public,2024
230597,Snow College,UT,Public,2024
230603,Southern Utah University,UT,Public,2024
230676,Uintah Basin Technical College,UT,Public,2024
230728,Utah State University,UT,Public,2024
230737,Utah Valley University,UT,Public,2024
230746,Salt Lake Community College,UT,Public,2024
230764,University of Utah,UT,Public,2024
230782,Weber State University,UT,Public,2024
230807,Westminster University,UT,Private not-for-profit,2024
230816,Bennington College,VT,Private not-for-profit,2024
230852,Champlain College,VT,Private not-for-profit,2024
230861,Community College of Vermont,VT,Public,2024
230889,Goddard College,VT,Private not-for-profit,2024
230959,Middlebury College,VT,Private not-for-profit,2024
230995,Norwich University,VT,Private not-for-profit,2024
231004,O'Briens Aveda Institute,VT,Private for-profit,2024
231059,Saint Michael's College,VT,Private not-for-profit,2024
231068,SIT Graduate Institute,VT,Private not-for-profit,2024
231095,Sterling College,VT,Private not-for-profit,2024
231147,Vermont Law and Graduate School,VT,Private not-for-profit,2024
231156,Vermont State Colleges-Office of the Chancellor,VT,Public,2024
231165,Vermont State University,VT,Public,2024
231174,University of Vermont,VT,Public,2024
231280,Paul Mitchell the School-Roanoke,VA,Private for-profit,2024
231411,Advanced Technology Institute,VA,Private for-profit,2024
231420,Averett University,VA,Private not-for-profit,2024
231536,Blue Ridge Community College,VA,Public,2024
231554,Bluefield University,VA,Private not-for-profit,2024
231581,Bridgewater College,VA,Private not-for-profit,2024
231624,William & Mary,VA,Public,2024
231651,Regent University,VA,Private not-for-profit,2024
231688,Central School of Practical Nursing,VA,Public,2024
231697,Central Virginia Community College,VA,Public,2024
231712,Christopher Newport University,VA,Public,2024
231785,Bryant & Stratton College-Virginia Beach,VA,Private not-for-profit,2024
231873,Mountain Gateway Community College,VA,Public,2024
231882,Danville Community College,VA,Public,2024
231970,Eastern Virginia Medical School,VA,Public,2024
232016,Centura College-Virginia Beach,VA,Private for-profit,2024
232025,Emory & Henry University,VA,Private not-for-profit,2024
232043,Eastern Mennonite University,VA,Private not-for-profit,2024
232052,Eastern Shore Community College,VA,Public,2024
232089,Ferrum College,VA,Private not-for-profit,2024
232186,George Mason University,VA,Public,2024
232195,Germanna Community College,VA,Public,2024
232256,Hampden-Sydney College,VA,Private not-for-profit,2024
232265,Hampton University,VA,Private not-for-profit,2024
232308,Hollins University,VA,Private not-for-profit,2024
232414,J Sargeant Reynolds Community College,VA,Public,2024
232423,James Madison University,VA,Public,2024
232450,Brightpoint Community College,VA,Public,2024
232557,Liberty University,VA,Private not-for-profit,2024
232566,Longwood University,VA,Public,2024
232575,Laurel Ridge Community College,VA,Public,2024
232609,University of Lynchburg,VA,Private not-for-profit,2024
232618,Centra College,VA,Private not-for-profit,2024
232672,Mary Baldwin University,VA,Private not-for-profit,2024
232681,University of Mary Washington,VA,Public,2024
232706,Marymount University,VA,Private not-for-profit,2024
232724,Sovah School of Health Professions,VA,Private for-profit,2024
232788,Mountain Empire Community College,VA,Public,2024
232797,American National University,VA,Private for-profit,2024
232867,New River Community College,VA,Public,2024
232885,Sentara College of Health Sciences,VA,Private not-for-profit,2024
232919,Tidewater Tech-Trades,VA,Private for-profit,2024
232937,Norfolk State University,VA,Public,2024
232946,Northern Virginia Community College,VA,Public,2024
232982,Old Dominion University,VA,Public,2024
233019,Patrick & Henry Community College,VA,Public,2024
233037,Paul D Camp Community College,VA,Public,2024
233082,Southside College of Health Sciences,VA,Private not-for-profit,2024
233116,Piedmont Virginia Community College,VA,Public,2024
233277,Radford University,VA,Public,2024
233286,Sylvain Melloul International Hair Academy,VA,Private for-profit,2024
233295,Randolph-Macon College,VA,Private not-for-profit,2024
233301,Randolph College,VA,Private not-for-profit,2024
233310,Rappahannock Community College,VA,Public,2024
233329,Fortis College-Norfolk,VA,Private for-profit,2024
233338,Richard Bland College,VA,Public,2024
233356,Bon Secours Memorial College of Nursing,VA,Private not-for-profit,2024
233374,University of Richmond,VA,Private not-for-profit,2024
233408,Riverside College of Health Careers,VA,Private not-for-profit,2024
233426,Roanoke College,VA,Private not-for-profit,2024
233480,Bon Secours St Mary's Hospital School of Medical Imaging,VA,Private not-for-profit,2024
233541,Shenandoah University,VA,Private not-for-profit,2024
233602,Southeastern Free Will Baptist Bible College,NC,Private not-for-profit,2024
233611,Southern Virginia University,VA,Private not-for-profit,2024
233639,Southside Virginia Community College,VA,Public,2024
233648,Southwest Virginia Community College,VA,Public,2024
233666,Staunton School of Cosmetology,VA,Private for-profit,2024
233684,Strayer University-Virginia,VA,Private for-profit,2024
233718,Sweet Briar College,VA,Private not-for-profit,2024
233754,Virginia Peninsula Community College,VA,Public,2024
233772,Tidewater Community College,VA,Public,2024
233842,Union Presbyterian Seminary,VA,Private not-for-profit,2024
233897,University of Virginia's College at Wise,VA,Public,2024
233903,Virginia Highlands Community College,VA,Public,2024
233921,Virginia Polytechnic Institute and State University,VA,Public,2024
233949,Virginia Western Community College,VA,Public,2024
234030,Virginia Commonwealth University,VA,Public,2024
234076,University of Virginia-Main Campus,VA,Public,2024
234085,Virginia Military Institute,VA,Public,2024
234119,Asher Institute of Hampton,VA,Private for-profit,2024
234137,Virginia University of Lynchburg,VA,Private not-for-profit,2024
234155,Virginia State University,VA,Public,2024
234164,Virginia Union University,VA,Private not-for-profit,2024
234173,Virginia Wesleyan University,VA,Private not-for-profit,2024
234207,Washington and Lee University,VA,Private not-for-profit,2024
234377,Wytheville Community College,VA,Public,2024
234669,Bellevue College,WA,Public,2024
234696,Bellingham Technical College,WA,Public,2024
234711,Big Bend Community College,WA,Public,2024
234827,Central Washington University,WA,Public,2024
234845,Centralia College,WA,Public,2024
234915,City University of Seattle,WA,Private not-for-profit,2024
234924,Paul Mitchell the School-Richland,WA,Private for-profit,2024
234933,Clark College,WA,Public,2024
234951,Clover Park Technical College,WA,Public,2024
234979,Columbia Basin College,WA,Public,2024
235024,Cornish College of the Arts,WA,Private not-for-profit,2024
235088,Divers Institute of Technology,WA,Private for-profit,2024
235097,Eastern Washington University,WA,Public,2024
235103,Edmonds College,WA,Public,2024
235149,Everett Community College,WA,Public,2024
235167,The Evergreen State College,WA,Public,2024
235237,Pierce College District,WA,Public,2024
235307,Glen Dow Academy of Hair Design,WA,Private for-profit,2024
235316,Gonzaga University,WA,Private not-for-profit,2024
235334,Grays Harbor College,WA,Public,2024
235343,Green River College,WA,Public,2024
235352,Toni & Guy Hairdressing Academy-Shoreline,WA,Private for-profit,2024
235422,Heritage University,WA,Private not-for-profit,2024
235431,Highline College,WA,Public,2024
235501,International Air and Hospitality Academy,WA,Private for-profit,2024
235547,Bastyr University,WA,Private not-for-profit,2024
235671,Bates Technical College,WA,Public,2024
235699,Lake Washington Institute of Technology,WA,Public,2024
235750,Lower Columbia College,WA,Public,2024
236018,BJ's Beauty & Barber College,WA,Private for-profit,2024
236072,North Seattle College,WA,Public,2024
236133,Northwest University,WA,Private not-for-profit,2024
236188,Olympic College,WA,Public,2024
236212,Perry Technical Institute,WA,Private not-for-profit,2024
236230,Pacific Lutheran University,WA,Private not-for-profit,2024
236258,Peninsula College,WA,Public,2024
236328,University of Puget Sound,WA,Private not-for-profit,2024
236382,Renton Technical College,WA,Public,2024
236452,Saint Martin's University,WA,Private not-for-profit,2024
236504,South Seattle College,WA,Public,2024
236513,Seattle Central College,WA,Public,2024
236577,Seattle Pacific University,WA,Private not-for-profit,2024
236595,Seattle University,WA,Private not-for-profit,2024
236610,Shoreline Community College,WA,Public,2024
236638,Skagit Valley College,WA,Public,2024
236656,South Puget Sound Community College,WA,Public,2024
236692,Spokane Community College,WA,Public,2024
236708,Spokane Falls Community College,WA,Public,2024
236744,Stylemaster College of Hair Design,WA,Private for-profit,2024
236753,Tacoma Community College,WA,Public,2024
236887,Walla Walla Community College,WA,Public,2024
236896,Walla Walla University,WA,Private not-for-profit,2024
236939,Washington State University,WA,Public,2024
236948,University of Washington-Seattle Campus,WA,Public,2024
236975,Wenatchee Valley College,WA,Public,2024
237011,Western Washington University,WA,Public,2024
237039,Whatcom Community College,WA,Public,2024
237057,Whitman College,WA,Private not-for-profit,2024
237066,Whitworth University,WA,Private not-for-profit,2024
237109,Yakima Valley College,WA,Public,2024
237127,Appalachian Beauty School,KY,Private for-profit,2024
237136,Appalachian Bible College,WV,Private not-for-profit,2024
237145,B M Spurr School of Practical Nursing,WV,Private not-for-profit,2024
237172,Ben Franklin Career Center,WV,Public,2024
237181,Bethany College,WV,Private not-for-profit,2024
237215,Bluefield State University,WV,Public,2024
237242,Cabell County Career Technology Center,WV,Public,2024
237303,Charleston School of Beauty Culture,WV,Private for-profit,2024
237312,University of Charleston,WV,Private not-for-profit,2024
237321,Clarksburg Beauty Academy and School of Massage Therapy,WV,Private for-profit,2024
237330,Concord University,WV,Public,2024
237358,Davis & Elkins College,WV,Private not-for-profit,2024
237367,Fairmont State University,WV,Public,2024
237385,Glenville State University,WV,Public,2024
237437,Huntington Junior College,WV,Private not-for-profit,2024
237473,James Rumsey Technical Institute,WV,Public,2024
237491,Ralph R Willis Career and Technical Center,WV,Public,2024
237525,Marshall University,WV,Public,2024
237543,Mercer County Technical Education Center,WV,Public,2024
237561,Monongalia County Technical Education Center,WV,Public,2024
237570,Morgantown Beauty College Inc,WV,Private for-profit,2024
237686,West Virginia University at Parkersburg,WV,Public,2024
237701,Potomac State College of West Virginia University,WV,Public,2024
237729,Academy of Careers and Technology,WV,Public,2024
237783,Salem University,WV,Private for-profit,2024
237792,Shepherd University,WV,Public,2024
237817,Southern West Virginia Community and Technical College,WV,Public,2024
237844,Fred W Eberle Technical Center,WV,Public,2024
237880,West Virginia School of Osteopathic Medicine,WV,Public,2024
237899,West Virginia State University,WV,Public,2024
237905,West Virginia University Hospital Departments of Rad Tech and Nutrition,WV,Private not-for-profit,2024
237932,West Liberty University,WV,Public,2024
237950,West Virginia University Institute of Technology,WV,Public,2024
237969,West Virginia Wesleyan College,WV,Private not-for-profit,2024
237987,West Virginia Junior College-Charleston,WV,Private for-profit,2024
237996,West Virginia Junior College-Morgantown,WV,Private for-profit,2024
238005,International Beauty School 4,WV,Private for-profit,2024
238014,West Virginia Northern Community College,WV,Public,2024
238032,West Virginia University,WV,Public,2024
238078,Wheeling University,WV,Private not-for-profit,2024
238096,Wood County Technical Center-Practical Nursing,WV,Public,2024
238175,VICI Beauty School,WI,Private for-profit,2024
238193,Alverno College,WI,Private not-for-profit,2024
238263,Madison Area Technical College,WI,Public,2024
238324,Bellin College,WI,Private not-for-profit,2024
238333,Beloit College,WI,Private not-for-profit,2024
238397,Blackhawk Technical College,WI,Public,2024
238458,Carroll University,WI,Private not-for-profit,2024
238476,Carthage College,WI,Private not-for-profit,2024
238616,Concordia University-Wisconsin,WI,Private not-for-profit,2024
238661,Edgewood College,WI,Private not-for-profit,2024
238722,Fox Valley Technical College,WI,Public,2024
238759,Gateway Technical College,WI,Public,2024
238810,The Professional Hair Design Academy,WI,Private for-profit,2024
238980,Lakeland University,WI,Private not-for-profit,2024
239008,Lakeshore Technical College,WI,Public,2024
239017,Lawrence University,WI,Private not-for-profit,2024
239071,Maranatha Baptist University,WI,Private not-for-profit,2024
239080,Marian University,WI,Private not-for-profit,2024
239105,Marquette University,WI,Private not-for-profit,2024
239169,Medical College of Wisconsin,WI,Private not-for-profit,2024
239220,Mid-State Technical College,WI,Public,2024
239248,Milwaukee Area Technical College,WI,Public,2024
239309,Milwaukee Institute of Art & Design,WI,Private not-for-profit,2024
239318,Milwaukee School of Engineering,WI,Private not-for-profit,2024
239372,Moraine Park Technical College,WI,Public,2024
239390,Mount Mary University,WI,Private not-for-profit,2024
239424,Nashotah House,WI,Private not-for-profit,2024
239442,Nicolet Area Technical College,WI,Public,2024
239460,Northcentral Technical College,WI,Public,2024
239488,Northeast Wisconsin Technical College,WI,Public,2024
239512,Northland College,WI,Private not-for-profit,2024
239628,Ripon College,WI,Private not-for-profit,2024
239637,Sacred Heart Seminary and School of Theology,WI,Private not-for-profit,2024
239716,Saint Norbert College,WI,Private not-for-profit,2024
239877,State College of Beauty Culture,WI,Private for-profit,2024
239910,Southwest Wisconsin Technical College,WI,Public,2024
240107,Viterbo University,WI,Private not-for-profit,2024
240116,Chippewa Valley Technical College,WI,Public,2024
240125,Waukesha County Technical College,WI,Public,2024
240170,Western Technical College,WI,Public,2024
240189,University of Wisconsin-Whitewater,WI,Public,2024
240198,Northwood Technical College,WI,Public,2024
240213,Wisconsin School of Professional Psychology,WI,Private not-for-profit,2024
240268,University of Wisconsin-Eau Claire,WI,Public,2024
240277,University of Wisconsin-Green Bay,WI,Public,2024
240329,University of Wisconsin-La Crosse,WI,Public,2024
240338,Wisconsin Lutheran College,WI,Private not-for-profit,2024
240365,University of Wisconsin-Oshkosh,WI,Public,2024
240374,University of Wisconsin-Parkside,WI,Public,2024
240392,Herzing University-Madison,WI,Private not-for-profit,2024
240417,University of Wisconsin-Stout,WI,Public,2024
240426,University of Wisconsin-Superior,WI,Public,2024
240435,University of Wisconsin-System Administration,WI,Public,2024
240444,University of Wisconsin-Madison,WI,Public,2024
240453,University of Wisconsin-Milwaukee,WI,Public,2024
240462,University of Wisconsin-Platteville,WI,Public,2024
240471,University of Wisconsin-River Falls,WI,Public,2024
240480,University of Wisconsin-Stevens Point,WI,Public,2024
240505,Casper College,WY,Public,2024
240514,Central Wyoming College,WY,Public,2024
240596,Eastern Wyoming College,WY,Public,2024
240620,Laramie County Community College,WY,Public,2024
240657,Northwest College,WY,Public,2024
240666,Northern Wyoming Community College District,WY,Public,2024
240693,Western Wyoming Community College,WY,Public,2024
240709,Cheeks Beauty Academy,WY,Private for-profit,2024
240718,WyoTech,WY,Private for-profit,2024
240727,University of Wyoming,WY,Public,2024
240736,American Samoa Community College,AS,Public,2024
240745,Guam Community College,GU,Public,2024
240754,University of Guam,GU,Public,2024
240790,Northern Marianas College,MP,Public,2024
240879,Institute of Beauty Careers,PR,Private for-profit,2024
241100,American University of Puerto Rico,PR,Private not-for-profit,2024
241146,American Educational College,PR,Private for-profit,2024
241182,Antilles School of Technical Careers,PR,Private for-profit,2024
241191,Universidad Adventista de las Antillas,PR,Private not-for-profit,2024
241216,Atlantic University,PR,Private not-for-profit,2024
241225,Universidad Central de Bayamon,PR,Private not-for-profit,2024
241304,Columbia Central University-Caguas,PR,Private for-profit,2024
241331,Albizu University-San Juan,PR,Private not-for-profit,2024
241377,Caribbean University-Bayamon,PR,Private not-for-profit,2024
241386,Caribbean University-Carolina,PR,Private not-for-profit,2024
241395,Pontifical Catholic University of Puerto Rico-Arecibo,PR,Private not-for-profit,2024
241410,Pontifical Catholic University of Puerto Rico-Ponce,PR,Private not-for-profit,2024
241517,CEM College-San Juan,PR,Private for-profit,2024
241614,Universidad Teologica del Caribe,PR,Private not-for-profit,2024
241720,Colegio Universitario de San Juan,PR,Public,2024
241739,Universidad Ana G. Mendez-Cupey Campus,PR,Private not-for-profit,2024
241766,Puerto Rico Conservatory of Music,PR,Public,2024
241793,Center for Advanced Studies On Puerto Rico and the Caribbean,PR,Private not-for-profit,2024
241836,EDP University of Puerto Rico Inc-San Sebastian,PR,Private not-for-profit,2024
241906,Emma's Beauty Academy-Mayaguez,PR,Private for-profit,2024
241951,Escuela de Artes Plasticas y Diseno de Puerto Rico,PR,Public,2024
242042,Instituto Tecnologico de Puerto Rico-Recinto de Manati,PR,Public,2024
242060,Sistema Universitario Ana G. Mendez,PR,Private not-for-profit,2024
242112,Huertas College,PR,Private for-profit,2024
242121,Humacao Community College,PR,Private not-for-profit,2024
242130,ICPR Junior College-Arecibo,PR,Private for-profit,2024
242149,ICPR Junior College-Mayaguez,PR,Private for-profit,2024
242556,Instituto Tecnologico de Puerto Rico-Recinto de Guayama,PR,Public,2024
242583,Instituto Tecnologico de Puerto Rico-Recinto de San Juan,PR,Public,2024
242617,Inter American University of Puerto Rico-San German,PR,Private not-for-profit,2024
242626,Inter American University of Puerto Rico-Aguadilla,PR,Private not-for-profit,2024
242635,Inter American University of Puerto Rico-Arecibo,PR,Private not-for-profit,2024
242644,Inter American University of Puerto Rico-Barranquitas,PR,Private not-for-profit,2024
242653,Inter American University of Puerto Rico-Metro,PR,Private not-for-profit,2024
242662,Inter American University of Puerto Rico-Ponce,PR,Private not-for-profit,2024
242671,Inter American University of Puerto Rico-Central Office,PR,Private not-for-profit,2024
242680,Inter American University of Puerto Rico-Fajardo,PR,Private not-for-profit,2024
242699,Inter American University of Puerto Rico-Guayama,PR,Private not-for-profit,2024
242705,Inter American University of Puerto Rico-Bayamon,PR,Private not-for-profit,2024
242723,Inter American University of Puerto Rico-School of Law,PR,Private not-for-profit,2024
242820,Liceo de Arte y Tecnologia,PR,Private for-profit,2024
242945,Modern Hairstyling Institute-Bayamon,PR,Private for-profit,2024
242954,Modern Hairstyling Institute-Arecibo,PR,Private for-profit,2024
242972,NUC University,PR,Private for-profit,2024
243081,Ponce Health Sciences University,PR,Private for-profit,2024
243106,University of Puerto Rico-Aguadilla,PR,Public,2024
243115,University of Puerto Rico-Arecibo,PR,Public,2024
243133,University of Puerto Rico-Bayamon,PR,Public,2024
243142,University of Puerto Rico-Carolina,PR,Public,2024
243151,University of Puerto Rico at Cayey,PR,Public,2024
243160,University of Puerto Rico-Central Administration,PR,Public,2024
243179,University of Puerto Rico-Humacao,PR,Public,2024
243188,University of Puerto Rico-Utuado,PR,Public,2024
243197,University of Puerto Rico-Mayaguez,PR,Public,2024
243203,University of Puerto Rico-Medical Sciences,PR,Public,2024
243212,University of Puerto Rico at Ponce,PR,Public,2024
243221,University of Puerto Rico-Rio Piedras,PR,Public,2024
243346,Universidad Ana G. Mendez-Carolina Campus,PR,Private not-for-profit,2024
243443,Universidad del Sagrado Corazon,PR,Private not-for-profit,2024
243498,Seminario Evangelico de Puerto Rico,PR,Private not-for-profit,2024
243568,Universidad Central Del Caribe,PR,Private not-for-profit,2024
243577,Universidad Politecnica de Puerto Rico,PR,Private not-for-profit,2024
243586,Pontifical Catholic University of Puerto Rico-Mayaguez,PR,Private not-for-profit,2024
243601,Universidad Ana G. Mendez-Gurabo Campus,PR,Private not-for-profit,2024
243638,College of Micronesia-FSM,FM,Public,2024
243647,Palau Community College,PW,Public,2024
243665,University of the Virgin Islands,VI,Public,2024
243744,Stanford University,CA,Private not-for-profit,2024
243780,Purdue University-Main Campus,IN,Public,2024
243799,Blue Hills Regional Technical School,MA,Public,2024
243823,Parker University,TX,Private not-for-profit,2024
243832,EDP University of Puerto Rico Inc-San Juan,PR,Private not-for-profit,2024
243841,ICPR Junior College,PR,Private for-profit,2024
244233,City College-Hollywood,FL,Private for-profit,2024
244279,Meridian College,FL,Private for-profit,2024
244437,Georgia State University-Perimeter College,GA,Public,2024
244446,Georgia Piedmont Technical College,GA,Public,2024
244613,ETI School of Skilled Trades,IL,Private for-profit,2024
245281,Traxlers School of Hair,MS,Private for-profit,2024
245625,Warren County Community College,NJ,Public,2024
245652,St. John's College,NM,Private not-for-profit,2024
245777,Bais Medrash Elyon,NY,Private not-for-profit,2024
245838,Antioch University-Los Angeles,CA,Private not-for-profit,2024
245847,Antioch University-Santa Barbara,CA,Private not-for-profit,2024
245865,Antioch University-New England,NH,Private not-for-profit,2024
245883,Antioch University-Seattle,WA,Private not-for-profit,2024
245892,Antioch University,OH,Private not-for-profit,2024
245953,Mid-America Christian University,OK,Private not-for-profit,2024
245962,Miller-Motte College-Tulsa,OK,Private for-profit,2024
245980,Ponca City Beauty College,OK,Private for-profit,2024
245999,Francis Tuttle Technology Center,OK,Public,2024
246017,Central Technology Center,OK,Public,2024
246035,Carrington College-Portland,OR,Private for-profit,2024
246071,Career Technology Center of Lackawanna County,PA,Public,2024
246354,Palo Alto College,TX,Public,2024
246415,UCAS University of Cosmetology Arts & Sciences-San Antonio 410,TX,Private for-profit,2024
246460,Central Texas Beauty College-Round Rock,TX,Private for-profit,2024
246789,HJ International Graduate School for Peace and Public Leadership,NY,Private not-for-profit,2024
246813,Athens Technical College,GA,Public,2024
246895,GateWay Community College-Central City,AZ,Public,2024
246974,Carrington College-San Leandro Campus,CA,Private for-profit,2024
247010,Headmasters School of Hair Design,ID,Private for-profit,2024
247047,The Salon Professional Academy-Nampa,ID,Private for-profit,2024
247065,Beckfield College-Florence,KY,Private for-profit,2024
247083,University of Louisiana-System Administration,LA,Public,2024
247153,Dorsey College-Wayne,MI,Private for-profit,2024
247162,Ecumenical Theological Seminary,MI,Private not-for-profit,2024
247409,Ross Medical Education Center-Saginaw,MI,Private for-profit,2024
247603,Sussex County Community College,NJ,Public,2024
247649,Landmark College,VT,Private not-for-profit,2024
247737,Mississippi Community College Board,MS,Public,2024
247773,Yeshiva Gedolah of Greater Detroit,MI,Private not-for-profit,2024
247834,Collin County Community College District,TX,Public,2024
247940,Owensboro Community and Technical College,KY,Public,2024
248192,Allure Beauty College,KY,Private for-profit,2024
248527,Cloyd's Beauty School 3 Inc,LA,Private for-profit,2024
248606,Moore Norman Technology Center,OK,Public,2024
248624,Fayette County Career & Technical Institute Practical Nursing Program,PA,Public,2024
248633,Franklin County Career and Technology Center,PA,Public,2024
248660,Paul Mitchell the School-Knoxville,TN,Private for-profit,2024
248703,Ogle School Hair Skin Nails-Hurst,TX,Private for-profit,2024
248925,Tennessee College of Applied Technology Nashville,TN,Public,2024
248934,ECPI University,VA,Private for-profit,2024
249061,Ms Roberts Academy of Beauty Culture,IL,Private for-profit,2024
249238,Paul Mitchell the School-Houston,TX,Private for-profit,2024
249609,Fortis Institute-Forty Fort,PA,Private for-profit,2024
250027,Laurel Business Institute,PA,Private for-profit,2024
250285,Aviation Institute of Maintenance-Philadelphia,PA,Private for-profit,2024
250744,Dorsey College-Roseville,MI,Private for-profit,2024
250902,Moler-Pickens Beauty Academy,OH,Private for-profit,2024
250993,Red River Technology Center,OK,Public,2024
251260,Southern Union State Community College,AL,Public,2024
251312,South University-Columbia,SC,Private for-profit,2024
260336,Clinton Technical School,MO,Public,2024
260363,Greene County Career and Technology Center,PA,Public,2024
260372,Lac Courte Oreilles Ojibwe University,WI,Public,2024
260664,Diesel Driving Academy-Shreveport,LA,Private for-profit,2024
260691,Pima Medical Institute-Mesa,AZ,Private for-profit,2024
260789,Platt College-Los Angeles,CA,Private for-profit,2024
260813,Platt College-Aurora,CO,Private for-profit,2024
260929,Paul Mitchell the School-Boise,ID,Private for-profit,2024
260965,Educators of Beauty College of Cosmetology-Rockford,IL,Private for-profit,2024
260992,Northwestern College,IL,Private for-profit,2024
261436,Douglas J Aveda Institute,MI,Private for-profit,2024
261676,Ross Medical Education Center-Brighton,MI,Private for-profit,2024
261685,Ross Medical Education Center-Ann Arbor,MI,Private for-profit,2024
261719,Dorsey School of Beauty,MI,Private for-profit,2024
261773,Pike-Lincoln Technical Center,MO,Public,2024
262031,St Charles Community College,MO,Public,2024
262086,University of Massachusetts Global,CA,Public,2024
262129,New College of Florida,FL,Public,2024
262165,Montana Bible College,MT,Private not-for-profit,2024
262341,Conservatory of Recording Arts and Sciences,AZ,Private for-profit,2024
262369,Adrian's Beauty College of Turlock,CA,Private for-profit,2024
262457,San Joaquin Valley College-Fresno,CA,Private for-profit,2024
262466,Dr. Ida Rolf Institute,CO,Private not-for-profit,2024
362700,Aveda Institute-Fort Myers,FL,Private for-profit,2024
363013,Ross Medical Education Center-Port Huron,MI,Private for-profit,2024
363147,Raphael's School of Beauty Culture Inc-Alliance,OH,Private for-profit,2024
363165,Metro Technology Centers,OK,Public,2024
363633,Luna Community College,NM,Public,2024
363679,Grabber School of Hair Design,MO,Private for-profit,2024
363712,Yeshivah Gedolah Rabbinical College,FL,Private not-for-profit,2024
363882,Raphael's School of Beauty Culture Inc-Brunswick,OH,Private for-profit,2024
363907,Caribbean University-Ponce,PR,Private not-for-profit,2024
363916,Caribbean University-Vega Baja,PR,Private not-for-profit,2024
363934,University of Advancing Technology,AZ,Private for-profit,2024
364016,Paradise Valley Community College,AZ,Public,2024
364025,Chandler-Gilbert Community College,AZ,Public,2024
364548,Great Plains Technology Center,OK,Public,2024
364575,Roane-Jackson Technical Center,WV,Public,2024
364627,Pioneer Technology Center,OK,Public,2024
364636,Portage Lakes Career Center,OH,Public,2024
364760,Bell Mar Beauty College,IL,Private for-profit,2024
364946,Caddo Kiowa Technology Center,OK,Public,2024
364964,"Center for Instruction, Technology & Innovation",NY,Public,2024
365091,International School of Skin Nailcare & Massage Therapy,GA,Private for-profit,2024
365125,Palomar Institute of Cosmetology,CA,Private for-profit,2024
365198,Southern Oklahoma Technology Center,OK,Public,2024
365213,Autry Technology Center,OK,Public,2024
365240,Greene County Career Center,OH,Public,2024
365374,Canadian Valley Technology Center,OK,Public,2024
365383,Wilkes-Barre Area Career and Technical Center Practical Nursing,PA,Public,2024
365480,Meridian Technology Center,OK,Public,2024
365505,Waynesville Career Center,MO,Public,2024
365693,Capitol Beauty School,NE,Private for-profit,2024
365763,Morris County Vocational School District,NJ,Public,2024
365824,Ross Medical Education Center-Roosevelt Park,MI,Private for-profit,2024
365833,Ross Medical Education Center-Kentwood,MI,Private for-profit,2024
366003,South Florida Bible College and Theological Seminary,FL,Private not-for-profit,2024
366155,Cloyd's Barber School 2 Inc,LA,Private for-profit,2024
366191,Universal Technical Institute of Illinois Inc,IL,Private for-profit,2024
366252,Pennsylvania College of Technology,PA,Public,2024
366261,Commonwealth Institute of Funeral Service,TX,Private not-for-profit,2024
366270,Delta College of Arts & Technology,LA,Private for-profit,2024
366340,Stone Child College,MT,Public,2024
366368,New York Academy of Art,NY,Private not-for-profit,2024
366395,Suffolk County Community College,NY,Public,2024
366401,Las Positas College,CA,Public,2024
366465,Ogeechee Technical College,GA,Public,2024
366535,Remington College-Mobile Campus,AL,Private not-for-profit,2024
366553,Southern Technical College,FL,Private for-profit,2024
366571,Mercy-St Luke's School of Radiologic Technology,IA,Private not-for-profit,2024
366623,Northwest Technology Center-Alva,OK,Public,2024
366711,California State University-San Marcos,CA,Public,2024
367088,Tricoci University of Beauty Culture LLC-Bloomington,IN,Private for-profit,2024
367103,Interactive College of Technology-Newport,KY,Private for-profit,2024
367112,Miller-Motte College-McCann-Monroe,LA,Private for-profit,2024
367158,Ross Medical Education Center-Taylor,MI,Private for-profit,2024
367361,Interactive College of Technology,TX,Private for-profit,2024
367431,Butler Beauty Academy-New Castle Beauty Academy,PA,Private for-profit,2024
367459,NorthWest Arkansas Community College,AR,Public,2024
367875,H W Brewster Technical College,FL,Public,2024
367884,Hodges University,FL,Private not-for-profit,2024
367954,University of St. Augustine for Health Sciences,CA,Private for-profit,2024
367972,Capital Area Career Center,IL,Public,2024
367981,Hair Professionals Career College,IL,Private for-profit,2024
368230,Empire Beauty School-Bloomfield,NJ,Private for-profit,2024
368364,Southwest Technology Center,OK,Public,2024
368407,Western Area Career & Technology Center,PA,Public,2024
368452,Nossi College of Art and Design,TN,Private for-profit,2024
368629,Pima Medical Institute-Seattle,WA,Private for-profit,2024
368647,Mineral County Vocational Technical Center,WV,Public,2024
368771,Hypnosis Motivation Institute,CA,Private not-for-profit,2024
368832,Thanh Le College School of Cosmetology,CA,Private for-profit,2024
368911,Southeastern Technical College,GA,Public,2024
369002,Massachusetts School of Law,MA,Private not-for-profit,2024
369400,Universal Technical Institute-Orlando,FL,Private for-profit,2024
369419,Erwin Technical College,FL,Public,2024
369446,Rosel School of Cosmetology,IL,Private for-profit,2024
369455,Worsham College of Mortuary Science,IL,Private for-profit,2024
369516,Bryan University,MO,Private for-profit,2024
369659,Oregon College of Oriental Medicine,OR,Private not-for-profit,2024
369668,Central Pennsylvania Institute of Science and Technology,PA,Public,2024
369686,Northwest Educational Center,TX,Private for-profit,2024
369783,PCI Health Training Center,TX,Private for-profit,2024
369950,Hamrick School,OH,Private for-profit,2024
371052,Fortis College,AL,Private for-profit,2024
371690,Downey Adult School,CA,Public,2024
371830,CRU Institute of Cosmetology and Barbering,CA,Private for-profit,2024
371928,Modern Technology School,CA,Private for-profit,2024
371964,National Career Education,CA,Private for-profit,2024
372028,North-West College-Glendale,CA,Private for-profit,2024
372073,Fremont University,CA,Private for-profit,2024
372082,Pomona Unified School District Adult and Career Education,CA,Public,2024
372240,Universal College of Beauty Inc-Los Angeles 2,CA,Private for-profit,2024
372329,IBMC College,CO,Private for-profit,2024
372356,Avalon Institute-Aurora,CO,Private for-profit,2024
372462,Academy of Cosmetology,FL,Private for-profit,2024
372921,Fortis College-Smyrna,GA,Private for-profit,2024
373085,Ross College-Davenport,IA,Private for-profit,2024
373216,Pivot Point Academy,IL,Private for-profit,2024
373456,Blalock's Professional Beauty College,LA,Private for-profit,2024
373526,Diesel Driving Academy-Baton Rouge,LA,Private for-profit,2024
373678,New England Hair Academy,MA,Private for-profit,2024
373696,Rob Roy Academy-Worcester,MA,Private for-profit,2024
373711,Upper Cape Cod Regional Technical School,MA,Public,2024
373784,All-State Career-Baltimore,MD,Private for-profit,2024
374024,Adler Graduate School,MN,Private not-for-profit,2024
374316,Academy of Hair Design-Jackson,MS,Private for-profit,2024
374343,KC's School of Hair Design,MS,Private for-profit,2024
374574,Lincoln Technical Institute-Moorestown,NJ,Private for-profit,2024
374592,MCVSD,NJ,Public,2024
375230,Yeshiva Gedolah Imrei Yosef D'spinka,NY,Private not-for-profit,2024
375373,Knox County Career Center,OH,Public,2024
375407,Madison Adult Career Center,OH,Public,2024
375416,Remington College-Cleveland Campus,OH,Private not-for-profit,2024
375568,Brown & Clermont Adult Career Campuses,OH,Public,2024
375656,Chisholm Trail Technology Center,OK,Public,2024
375683,Gordon Cooper Technology Center,OK,Public,2024
375726,Kiamichi Technology Center-McAlester,OK,Public,2024
375939,YTI Career Institute-Altoona,PA,Private for-profit,2024
375966,Eastern Center for Arts and Technology,PA,Public,2024
375984,Empire Beauty School-Center City Philadelphia,PA,Private for-profit,2024
376224,CEM College-Humacao,PR,Private for-profit,2024
376242,Colegio Mayor de Tecnologia Inc,PR,Private for-profit,2024
376288,Institucion Chaviano de Mayaguez,PR,Private for-profit,2024
376330,Liceo de Arte-Dise-O y Comercio,PR,Private for-profit,2024
376385,Universal Technology College of Puerto Rico,PR,Private not-for-profit,2024
376446,Academy of Hair Technology,SC,Private for-profit,2024
376631,Mr Wayne's School of Unisex Hair Design,TN,Private for-profit,2024
376677,Queen City College,TN,Private for-profit,2024
376695,College of the Marshall Islands,MH,Public,2024
377111,Remington College-Fort Worth Campus,TX,Private not-for-profit,2024
377193,UCAS University of Cosmetology Arts & Sciences,TX,Private for-profit,2024
377218,School of Automotive Machinists & Technology,TX,Private for-profit,2024
377272,Nuvani Institute,TX,Private for-profit,2024
377281,Nuvani Institute,TX,Private for-profit,2024
377315,Texas College of Cosmetology-Abilene,TX,Private for-profit,2024
377449,Centura College-Newport News,VA,Private for-profit,2024
377458,Centura College-Norfolk,VA,Private for-profit,2024
377485,Virginia Beach City Public Schools School of Practical Nursing,VA,Public,2024
377546,Northwest College of Art & Design,WA,Private for-profit,2024
377555,University of Washington-Bothell Campus,WA,Public,2024
377564,University of Washington-Tacoma Campus,WA,Public,2024
377643,Huntington School of Beauty Culture,WV,Private for-profit,2024
377652,Valley College-Beckley,WV,Private for-profit,2024
377661,Valley College-Martinsburg,WV,Private for-profit,2024
377722,Bellus Academy-Poway,CA,Private for-profit,2024
377759,Capstone College,CA,Private for-profit,2024
378105,Central Coast College,CA,Private for-profit,2024
378576,Pacific College of Health and Science,CA,Private for-profit,2024
378886,Artistic Nails and Beauty Academy-Tampa,FL,Private for-profit,2024
378956,National Aviation Academy of Tampa Bay,FL,Private for-profit,2024
379621,Madison Oneida BOCES-Practical Nursing Program,NY,Public,2024
379746,College of Health Care Professions,TX,Private for-profit,2024
379782,Center for Advanced Legal Studies,TX,Private for-profit,2024
380067,Houston Training School-Main Campus,TX,Private for-profit,2024
380359,Bay Mills Community College,MI,Public,2024
380368,Fond du Lac Tribal and Community College,MN,Public,2024
380377,Northwest Indian College,WA,Public,2024
380438,Provo College,UT,Private for-profit,2024
381255,CET-Coachella,CA,Private not-for-profit,2024
381282,CET-Oxnard,CA,Private not-for-profit,2024
381325,CET-Santa Maria,CA,Private not-for-profit,2024
381352,Colorado Chinese Medicine University,CO,Private for-profit,2024
381370,Michigan College of Beauty-Troy,MI,Private for-profit,2024
381404,Ogle School Hair Skin Nails-Dallas,TX,Private for-profit,2024
381459,Phoenix Seminary,AZ,Private not-for-profit,2024
381486,Faust Institute of Cosmetology-Spirit Lake,IA,Private for-profit,2024
381699,Cheeks Beauty Academy,CO,Private for-profit,2024
381732,Colorado School of Healing Arts,CO,Private for-profit,2024
382258,Mt. Diablo Adult Education-Mt. Diablo USD,CA,Public,2024
382416,Greater Lowell Technical School,MA,Public,2024
382461,Academy of Hair Design-Pearl,MS,Private for-profit,2024
382780,Genesis Career College-Lebanon,TN,Private for-profit,2024
382911,Southwest College for the Deaf,TX,Public,2024
382957,Fortis College-Richmond,VA,Private for-profit,2024
383020,Midwest College of Oriental Medicine-Racine,WI,Private for-profit,2024
383084,Hacienda La Puente Adult Education,CA,Public,2024
383163,La Belle Beauty Academy,FL,Private for-profit,2024
383190,Hawaii Community College,HI,Public,2024
383279,Robert Fiance Beauty Schools-North Plainfield,NJ,Private for-profit,2024
383297,Long Island Beauty School-Hauppauge,NY,Private for-profit,2024
383312,Buckeye Joint Vocational School,OH,Public,2024
383330,Sandusky Career Center,OH,Public,2024
383367,Greater Altoona Career & Technology Center,PA,Public,2024
383464,Central Texas Beauty College-Temple,TX,Private for-profit,2024
383525,Erie 2 Chautauqua Cattaraugus BOCES-Practical Nursing Program,NY,Public,2024
383765,Empire Beauty School-Brooklyn,NY,Private for-profit,2024
383996,Eastern New Mexico University Ruidoso Branch Community College,NM,Public,2024
384236,UEI College-Ontario,CA,Private for-profit,2024
384245,UEI College-Reseda,CA,Private for-profit,2024
384254,Beacon College,FL,Private not-for-profit,2024
384306,Acupuncture and Integrative Medicine College-Berkeley,CA,Private not-for-profit,2024
384333,Estrella Mountain Community College,AZ,Public,2024
384342,Heartland Community College,IL,Public,2024
384412,University of the Potomac-Washington DC Campus,DC,Private for-profit,2024
384421,Rabbi Jacob Joseph School,NJ,Private not-for-profit,2024
385132,The Salon Professional Academy-Melbourne,FL,Private for-profit,2024
385415,Albert Einstein College of Medicine,NY,Private not-for-profit,2024
385503,Fortis Institute-Scranton,PA,Private for-profit,2024
385619,Everglades University,FL,Private not-for-profit,2024
386153,Seminar L'moros Bais Yaakov,NY,Private not-for-profit,2024
386472,Herzing University-Orlando,FL,Private not-for-profit,2024
387925,Cortiva Institute,FL,Private for-profit,2024
388520,College of Biblical Studies-Houston,TX,Private not-for-profit,2024
389860,Mid-EastCTC-Adult Education,OH,Public,2024
390905,Polaris Career Center,OH,Public,2024
391005,P&A Scholars Beauty School,MI,Private for-profit,2024
391759,Sharp's Academy of Hairstyling,MI,Private for-profit,2024
392257,The College of Health Care Professions-Northwest,TX,Private for-profit,2024
392354,"School of Professional Horticulture, New York Botanical Garden",NY,Private not-for-profit,2024
392415,Fortis College,TX,Private for-profit,2024
393649,UEI College-Gardena,CA,Private for-profit,2024
393861,Asian-American International Beauty College,CA,Private for-profit,2024
395362,Copper Mountain Community College,CA,Public,2024
395690,Diversified Vocational College,CA,Private for-profit,2024
397942,UEI College-Fresno,CA,Private for-profit,2024
399212,Santiago Canyon College,CA,Public,2024
399869,Southern California Institute of Technology,CA,Private for-profit,2024
399911,Soka University of America,CA,Private not-for-profit,2024
400080,Summit College,CA,Private for-profit,2024
400187,Advance Beauty College,CA,Private for-profit,2024
400558,Los Angeles Pacific College,CA,Private for-profit,2024
401223,World Mission University,CA,Private not-for-profit,2024
401250,Yo San University of Traditional Chinese Medicine,CA,Private not-for-profit,2024
401764,John Amico School of Hair Design,IL,Private for-profit,2024
402563,Delta College Inc,LA,Private for-profit,2024
402800,Tri-State Cosmetology Institute,TX,Private for-profit,2024
403469,Frontier Community College,IL,Public,2024
403478,Lincoln Trail College,IL,Public,2024
403487,Wabash Valley College,IL,Public,2024
404055,Brookline College-Tempe,AZ,Private for-profit,2024
404222,Inter American University of Puerto Rico-School of Optometry,PR,Private not-for-profit,2024
404338,Schiller International University,FL,Private for-profit,2024
404426,Coconino Community College,AZ,Public,2024
404480,University System of Maryland-Research Centers,MD,Public,2024
404684,Emma's Beauty Academy-Juana Diaz,PR,Private for-profit,2024
404718,Brillare Beauty Institute,TN,Private not-for-profit,2024
404912,Pima Medical Institute-Denver,CO,Private for-profit,2024
405012,Ohio State School of Cosmetology-Heath,OH,Private for-profit,2024
405058,Yeshivas Novominsk,NY,Private not-for-profit,2024
405076,Southern Careers Institute-Corpus Christi,TX,Private for-profit,2024
405854,Rabbinical College of Ohr Shimon Yisroel,NY,Private not-for-profit,2024
405872,Carroll Community College,MD,Public,2024
406024,Galen College of Nursing-Tampa Bay,FL,Private for-profit,2024
406033,Galen College of Nursing-San Antonio,TX,Private for-profit,2024
406149,Sarasota School of Massage Therapy,FL,Private for-profit,2024
406325,Schuyler Steuben Chemung Tioga Allegany BOCES,NY,Public,2024
406361,Delaware Chenango Madison Otsego BOCES-Practical Nursing Program,NY,Public,2024
406422,Central Susquehanna Intermediate Unit LPN Career,PA,Public,2024
406486,Myotherapy Massage College,UT,Private for-profit,2024
407090,G Skin & Beauty Institute,IL,Private for-profit,2024
407142,Cosmetology Training Center,LA,Private for-profit,2024
407151,Stage One-The Hair School,LA,Private for-profit,2024
407179,Empire Beauty School-Malden,MA,Private for-profit,2024
407355,Xenon A Stephanie Moss Academy,NE,Private for-profit,2024
407434,Orlo School of Hair Design and Cosmetology,NY,Private for-profit,2024
407461,Eastland-Fairfield Career and Technical Schools,OH,Public,2024
407470,Empire Beauty School-Cincinnati,OH,Private for-profit,2024
407489,Mahoning County Career and Technical Center,OH,Public,2024
407513,Pickaway Ross Joint Vocational School District,OH,Public,2024
407522,Pioneer Career and Technology Center,OH,Public,2024
407568,Raphael's School of Beauty Culture Inc-Boardman,OH,Private for-profit,2024
407577,Scioto County Career Technical Center,OH,Public,2024
407610,Pacific Bible College,OR,Private not-for-profit,2024
407629,Lake Erie College of Osteopathic Medicine,PA,Private not-for-profit,2024
407683,UCAS University of Cosmetology Arts & Sciences-Harlingen,TX,Private for-profit,2024
407708,Paul Mitchell the School-Federal Way,WA,Private for-profit,2024
407735,Empire Beauty School-Green Bay,WI,Private for-profit,2024
407832,Warren County Career Center,OH,Public,2024
408066,Paul Mitchell the School-Wichita,KS,Private for-profit,2024
408163,Pinnacle Institute of Cosmetology,NC,Private for-profit,2024
408385,Southern Careers Institute-Pharr,TX,Private for-profit,2024
408844,Florida National University-Main Campus,FL,Private for-profit,2024
408862,Georgia Institute of Cosmetology,GA,Private for-profit,2024
409032,Nouvelle Institute,FL,Private for-profit,2024
409120,Franklin Technology Center Adult Education,MO,Public,2024
409193,Professional Technical Institution,PR,Private for-profit,2024
409254,Erikson Institute,IL,Private not-for-profit,2024
409315,South Texas College,TX,Public,2024
409379,Tennessee Board of Regents,TN,Public,2024
409537,Pike County Joint Vocational School District,OH,Public,2024
409591,Lorain County Joint Vocational School District,OH,Public,2024
409616,Roger Williams University School of Law,RI,Private not-for-profit,2024
409698,California State University-Monterey Bay,CA,Public,2024
410797,Ohio Media School-Valley View,OH,Private for-profit,2024
410964,EINE Inc,MA,Private for-profit,2024
411684,Marian Health Careers Center-Los Angeles Campus,CA,Private for-profit,2024
411754,Cleveland Clinic Health System-School of Diagnostic Imaging,OH,Private not-for-profit,2024
412173,Academy for Nursing and Health Occupations,FL,Private not-for-profit,2024
412535,Shawsheen Valley School of Practical Nursing,MA,Public,2024
412544,Shear Ego International School of Hair Design,NY,Private for-profit,2024
412599,Remington College-Memphis Campus,TN,Private not-for-profit,2024
413176,Fayette Institute of Technology,WV,Public,2024
413413,Capella University,MN,Private for-profit,2024
413617,College of Menominee Nation,WI,Private not-for-profit,2024
413626,Leech Lake Tribal College,MN,Public,2024
413680,Spartan College of Aeronautics & Technology,CA,Private for-profit,2024
413820,Yukon Beauty College Inc,OK,Private for-profit,2024
413893,United Education Institute-Morrow,GA,Private for-profit,2024
414063,Artistic Academy of Hair Design,NJ,Private for-profit,2024
414124,Motoring Technical Training Institute,MA,Private for-profit,2024
414461,Mech-Tech College,PR,Private for-profit,2024
414489,Baldwin Beauty School-North Austin,TX,Private for-profit,2024
414540,Jean Madeline Aveda Institute,PA,Private for-profit,2024
414595,Pacific College of Health and Science,NY,Private for-profit,2024
414869,Tricoci University of Beauty Culture-Indianapolis,IN,Private for-profit,2024
414878,Trine University-Regional/Non-Traditional Campuses,IN,Private not-for-profit,2024
414911,Pennsylvania Highlands Community College,PA,Public,2024
414939,Nevada Career Institute,NV,Private for-profit,2024
414966,Phillips Theological Seminary,OK,Private not-for-profit,2024
415039,Empire Beauty School-Hanover,PA,Private for-profit,2024
415057,Industrial Management Training Institute,CT,Private for-profit,2024
415987,Allen School-Jamaica,NY,Private for-profit,2024
416458,Premiere Career College,CA,Private for-profit,2024
416801,The University of Texas MD Anderson Cancer Center,TX,Public,2024
417008,Paul Mitchell the School-Huntsville,AL,Private for-profit,2024
417062,Estes Institute of Cosmetology Arts and Science,CA,Private for-profit,2024
417105,Baldwin Park Adult & Community Education,CA,Public,2024
417123,Ventura Adult and Continuing Education,CA,Public,2024
417327,City College-Altamonte Springs,FL,Private for-profit,2024
417442,Career Center of Southern Illinois,IL,Public,2024
417503,Crave Beauty Academy,KS,Private for-profit,2024
417600,Hastings Beauty School,MN,Private for-profit,2024
417628,Kirksville Area Technical Center,MO,Public,2024
417637,Southern Missouri Technical Institute,MO,Public,2024
417646,Saline County Career Center,MO,Public,2024
417655,Warrensburg Area Career Center,MO,Public,2024
417682,Cass Career Center,MO,Public,2024
417716,Applied Tech,MO,Public,2024
417725,Central College of Cosmetology,MO,Private for-profit,2024
417734,Southeast Missouri Hospital College of Nursing and Health Sciences,MO,Private not-for-profit,2024
417752,Messenger College,TX,Private not-for-profit,2024
417831,Union County Vocational Technical School,NJ,Public,2024
417840,Prism Career Institute-Philadelphia,PA,Private for-profit,2024
417868,Clinton Essex Warren Washington BOCES,NY,Public,2024
417886,Jefferson Lewis BOCES-Practical Nursing Program,NY,Public,2024
417910,Veeb Nassau County School of Practical Nursing,NY,Public,2024
417983,Cattaraugus Allegany BOCES-Practical Nursing Program,NY,Public,2024
417992,Orange Ulster BOCES,NY,Public,2024
418001,Wayne Finger Lakes BOCES-Practical Nursing Program,NY,Public,2024
418010,Broome Delaware Tioga BOCES-Practical Nursing Program,NY,Public,2024
418029,Washington Saratoga Warren Hamilton Essex BOCES-Practical Nursing Program,NY,Public,2024
418038,Albany BOCES-Adult Practical Nursing Program,NY,Public,2024
418065,Eastern Suffolk BOCES,NY,Public,2024
418083,Rockland County BOCES-Practical Nursing Program,NY,Public,2024
418126,New York College of Health Professions,NY,Private not-for-profit,2024
418171,Charles Stuart School of Diamond Setting,NY,Private for-profit,2024
418199,Penta County Joint Vocational School,OH,Public,2024
418205,Career and Technology Education Centers of Licking County,OH,Public,2024
418223,Northern Career Institute,OH,Public,2024
418250,Washington County Career Center-Adult Technical Training,OH,Public,2024
418269,Ohio Media School-Cincinnati,OH,Private for-profit,2024
418278,Vantage Career Center,OH,Public,2024
418296,Indian Capital Technology Center-Muskogee,OK,Public,2024
418302,Western Technology Center,OK,Public,2024
418320,Mid-America Technology Center,OK,Public,2024
418348,Eastern Oklahoma County Technology Center,OK,Public,2024
418357,Wes Watkins Technology Center,OK,Public,2024
418409,York County School of Technology-Adult & Continuing Education,PA,Public,2024
418427,Chester County Intermediate Unit,PA,Public,2024
418445,Jefferson County Dubois Area Vocational Technical Practical Nursing Program,PA,Public,2024
418454,Greater Johnstown Career and Technology Center,PA,Public,2024
418481,Mifflin County Academy of Science and Technology,PA,Public,2024
418515,Lenape Technical School Practical Nursing Program,PA,Public,2024
418524,Venango County Area Vocational Technical School,PA,Public,2024
418533,Lancaster County Career and Technology Center,PA,Public,2024
418542,Lebanon County Area Vocational Technical School,PA,Public,2024
418560,Indiana County Technology Center,PA,Public,2024
418588,Northern Tier Career Center,PA,Public,2024
418612,Hazleton Area Career Center,PA,Public,2024
418658,All-State Career School-Pittsburgh,PA,Private for-profit,2024
418773,D'Mart Institute,PR,Private for-profit,2024
418782,Automeca Technical College-Aguadilla,PR,Private for-profit,2024
418889,North Central Institute,TN,Private for-profit,2024
418913,Pipo Academy of Hair Design,TX,Private for-profit,2024
418968,Tint School of Makeup and Cosmetology-Dallas,TX,Private for-profit,2024
419031,United Technical Center,WV,Public,2024
419095,Charles H McCann Technical School,MA,Public,2024
419183,Central California School of Continuing Education,CA,Private for-profit,2024
419217,HCA Florida Mercy Hospital School of Practical Nursing,FL,Private for-profit,2024
419226,Marion Technical College,FL,Public,2024
419235,Rivertown School of Beauty Barber Skin Care and Nails,GA,Private for-profit,2024
419244,Atlanta Institute of Music and Media,GA,Private for-profit,2024
419253,Illinois Media School,IL,Private for-profit,2024
419280,New Dimensions School of Hair Design,MO,Private for-profit,2024
419341,Jna Institute of Culinary Arts,PA,Private for-profit,2024
419420,Putnam Career and Technical Center,WV,Public,2024
419484,Crawford County Career and Technical Center Practical Nursing Program,PA,Public,2024
419633,Texas College of Cosmetology-San Angelo,TX,Private for-profit,2024
419703,Automeca Technical College-Bayamon,PR,Private for-profit,2024
419712,Automeca Technical College-Caguas,PR,Private for-profit,2024
419721,Automeca Technical College-Ponce,PR,Private for-profit,2024
420024,Centura College-Chesapeake,VA,Private for-profit,2024
420042,University of Phoenix-Hawaii,HI,Private for-profit,2024
420130,Prism Career Institute-Cherry Hill,NJ,Private for-profit,2024
420246,Sonoran University of Health Sciences,AZ,Private not-for-profit,2024
420255,Escuela de Peritos Electricistas de Isabela Inc,PR,Private for-profit,2024
420325,Yeshiva D'monsey Rabbinical College,NY,Private not-for-profit,2024
420343,Lincoln Technical Institute-Mahwah,NJ,Private for-profit,2024
420370,Career Technical Institute,DC,Private for-profit,2024
420398,Northwest Vista College,TX,Public,2024
420431,Oconee Fall Line Technical College,GA,Public,2024
420440,York County Community College,ME,Public,2024
420468,Western Suffolk BOCES,NY,Public,2024
420538,Arkansas State University-Mountain Home,AR,Public,2024
420556,Columbia Gorge Community College,OR,Public,2024
420705,Bakke Graduate University,TX,Private not-for-profit,2024
420723,Tillamook Bay Community College,OR,Public,2024
420802,Arizona Board of Regents,AZ,Public,2024
420981,Manhattan School of Computer Technology,NY,Private not-for-profit,2024
421513,Ross College-Hopkinsville,KY,Private for-profit,2024
421610,Paul Mitchell the School-St. George,UT,Private for-profit,2024
421665,Cadillac Institute of Cosmetology,MI,Private for-profit,2024
421708,Arizona College of Nursing-Tempe,AZ,Private for-profit,2024
421717,Vanguard-Sentinel Adult Career and Technology Center,OH,Public,2024
421771,Academy of Beauty Professionals,MO,Private for-profit,2024
421841,New York Conservatory for Dramatic Arts,NY,Private for-profit,2024
421878,Eastern International College-Jersey City,NJ,Private for-profit,2024
421896,Academia Serrant Inc,PR,Private for-profit,2024
422020,San Joaquin Valley College-Trades Education Center,CA,Private for-profit,2024
422695,Pacific College,CA,Private for-profit,2024
422835,American College of Healthcare and Technology,CA,Private for-profit,2024
423120,Compu-Med Vocational Careers Corp,FL,Private for-profit,2024
423397,Advantage Technical College,PR,Private for-profit,2024
423412,Mid Cities Barber College,TX,Private for-profit,2024
423643,Midwestern University-Glendale,AZ,Private not-for-profit,2024
423652,Oregon Coast Community College,OR,Public,2024
425250,Gwinnett College-Sandy Springs,GA,Private for-profit,2024
425986,Mildred Elley-Pittsfield Campus,MA,Private for-profit,2024
426314,Embry-Riddle Aeronautical University-Worldwide,FL,Private not-for-profit,2024
427308,Merkaz Bnos-Business School,NY,Private not-for-profit,2024
427335,Lia Schorr Institute of Cosmetic Skin Care Training,NY,Private for-profit,2024
427894,CET-Alexandria,VA,Private not-for-profit,2024
427973,Aviation Institute of Maintenance-Norfolk,VA,Private for-profit,2024
427982,Centura College-Richmond Main,VA,Private for-profit,2024
427991,Osceola Technical College,FL,Public,2024
428000,Miami Ad School,FL,Private for-profit,2024
428019,Green Country Technology Center,OK,Public,2024
428055,Nova College de Puerto Rico,PR,Private for-profit,2024
428125,John Wesley International Barber and Beauty College,CA,Private for-profit,2024
428170,Southeastern College-West Palm Beach,FL,Private for-profit,2024
428259,Ottawa University-Milwaukee,WI,Private not-for-profit,2024
428392,Klamath Community College,OR,Public,2024
428426,San Bernardino Community College District,CA,Public,2024
428453,Minnesota State Colleges and Universities System Office,MN,Public,2024
429085,American College of Acupuncture and Oriental Med,TX,Private for-profit,2024
429094,AOMA Graduate School of Integrative Medicine,TX,Private for-profit,2024
429128,Urban College of Boston,MA,Private not-for-profit,2024
430184,Strayer University-Maryland,MD,Private for-profit,2024
430227,Empire Beauty School-Monroeville,PA,Private for-profit,2024
430245,Southern Careers Institute-San Antonio,TX,Private for-profit,2024
430306,Cayce/Reilly School of Massage,VA,Private not-for-profit,2024
430403,Prism Career Institute-West Atlantic City,NJ,Private for-profit,2024
430564,Studio Jewelers,NY,Private for-profit,2024
430582,Praxis Institute,FL,Private for-profit,2024
430670,San Juan Bautista School of Medicine,PR,Private not-for-profit,2024
430704,Texas Health and Science University,TX,Private for-profit,2024
430795,Carver Career Center,WV,Public,2024
430883,Cayuga Onondaga BOCES-Practical Nursing Program,NY,Public,2024
430908,Clearfield County Career and Technology Center,PA,Public,2024
430935,Colegio de Cinematografía Artes y Television,PR,Private for-profit,2024
430971,Delaware County Technical School-Practical Nursing Program,PA,Public,2024
431017,Mid-Del Technology Center,OK,Public,2024
431071,New York Institute of Massage Inc,NY,Private for-profit,2024
431105,Dutchess BOCES-Practical Nursing Program,NY,Public,2024
431123,Escuela Tecnica de Electricidad,PR,Private for-profit,2024
431141,Institute of Technology,CA,Private for-profit,2024
431196,Genesee Valley BOCES-Practical Nursing Program,NY,Public,2024
431266,Henrico County-Saint Marys Hospital School of Practical Nursing,VA,Public,2024
431275,Herkimer County BOCES-Practical Nursing Program,NY,Public,2024
431284,Graduate America College,TX,Private for-profit,2024
431558,Cape Coral Technical College,FL,Public,2024
431600,UPMC Mercy School of Nursing,PA,Private not-for-profit,2024
431716,Ocean County Vocational-Technical School,NJ,Public,2024
431983,Yeshiva of the Telshe Alumni,NY,Private not-for-profit,2024
432117,Kenneth Shuler School of Cosmetology-Rock Hill,SC,Private for-profit,2024
432144,South Orange County Community College District,CA,Public,2024
432269,CET-El Paso,TX,Private not-for-profit,2024
432348,Appalachian School of Law,VA,Private not-for-profit,2024
432384,Platt College-Ontario,CA,Private for-profit,2024
432524,Delaware College of Art and Design,DE,Private not-for-profit,2024
433004,American University of Health Sciences,CA,Private for-profit,2024
433013,Career Networks Institute,CA,Private for-profit,2024
433040,Monty Tech,MA,Public,2024
433068,Okaloosa Technical College,FL,Public,2024
433101,Lincoln Technical Institute-Lincoln,RI,Private for-profit,2024
433138,Wayne County Schools Career Center,OH,Public,2024
433174,Carolinas College of Health Sciences,NC,Public,2024
433387,Western Governors University,UT,Private not-for-profit,2024
433420,California Aeronautical University,CA,Private for-profit,2024
433536,Herzing University-New Orleans,LA,Private not-for-profit,2024
433660,Florida Gulf Coast University,FL,Public,2024
434016,Little Priest Tribal College,NE,Public,2024
434061,South Louisiana Community College,LA,Public,2024
434140,Pima Medical Institute-Chula Vista,CA,Private for-profit,2024
434159,Lincoln College of Technology-Marietta,GA,Private for-profit,2024
434274,Academy of Hair Design-Lufkin,TX,Private for-profit,2024
434283,Pathway Vocational Academy,TX,Private for-profit,2024
434308,Cortiva Institute,MD,Private for-profit,2024
434344,COLLECTIV Academy-Worcester,MA,Private for-profit,2024
434362,Northwest HVAC/R Training Center,WA,Private not-for-profit,2024
434432,Myotherapy Institute,NE,Private for-profit,2024
434441,Florida College of Integrative Medicine,FL,Private for-profit,2024
434469,New Professions Technical Institute,FL,Private for-profit,2024
434496,Strand College of Hair Design,SC,Private for-profit,2024
434584,Ilisagvik College,AK,Public,2024
434672,Community College of Baltimore County,MD,Public,2024
434751,White Earth Tribal and Community College,MN,Private not-for-profit,2024
434821,Blue Cliff College-Metairie,LA,Private for-profit,2024
434830,Creative Images Institute of Cosmetology-North Dayton,OH,Private for-profit,2024
434900,Dewey University-Carolina,PR,Private not-for-profit,2024
434937,Yeshiva College of the Nations Capital,MD,Private not-for-profit,2024
435000,Louisiana State University Health Sciences Center-Shreveport,LA,Public,2024
436030,Hair Academy II,MD,Private for-profit,2024
436304,River Parishes Community College,LA,Public,2024
436429,Los Angeles Film School,CA,Private for-profit,2024
436553,Century College,PR,Private for-profit,2024
436599,FINE Mortuary College,MA,Private for-profit,2024
436614,International Baptist College and Seminary,AZ,Private not-for-profit,2024
436632,Gwinnett College,NC,Private for-profit,2024
436650,Medical Training College,LA,Private for-profit,2024
436775,Toni & Guy Hairdressing Academy-Plano,TX,Private for-profit,2024
436818,University of Connecticut-Waterbury Campus,CT,Public,2024
436827,University of Connecticut-Avery Point,CT,Public,2024
436836,University of Connecticut-Stamford,CT,Public,2024
437097,University of Management and Technology,VA,Private for-profit,2024
437103,Baton Rouge Community College,LA,Public,2024
437237,IYRS School of Technology & Trades,RI,Private not-for-profit,2024
437556,Midwest Technical Institute-Illinois,IL,Private for-profit,2024
437608,Advanced Barber College and Hair Design,TX,Private for-profit,2024
437635,The College of Health Care Professions-Austin,TX,Private for-profit,2024
437723,New Community Career & Technical Institute,NJ,Private not-for-profit,2024
437732,The Chicago School-College of Nursing,TX,Private not-for-profit,2024
437750,Professional Golfers Career College,CA,Private for-profit,2024
437769,Chester Career College,VA,Private for-profit,2024
437778,Milan Institute-San Antonio Ingram,TX,Private for-profit,2024
437857,Rudae's School of Beauty Culture-Ft Wayne,IN,Private for-profit,2024
437936,Carrington College-San Jose,CA,Private for-profit,2024
438179,Brookline College-Tucson,AZ,Private for-profit,2024
438221,Miller-Motte College-Berks Technical Institute-Lewisburg,PA,Private for-profit,2024
438258,Carrington College-Pleasant Hill Campus,CA,Private for-profit,2024
438285,Cortiva Institute,FL,Private for-profit,2024
438337,Modern Hairstyling Institute-Carolina,PR,Private for-profit,2024
438504,Universal Technical Institute of California Inc,CA,Private for-profit,2024
438586,American InterContinental University-Atlanta,GA,Private for-profit,2024
438665,Rancho Santiago Community College District Office,CA,Public,2024
438674,The Academy of Hair Design Six,MS,Private for-profit,2024
438708,Eastern West Virginia Community and Technical College,WV,Public,2024
438735,Aviation Institute of Maintenance-Indianapolis,IN,Private for-profit,2024
438984,IVAEM College,PR,Private for-profit,2024
439020,Midwest College of Oriental Medicine-Skokie,IL,Private for-profit,2024
439118,Carrington College-Spokane,WA,Private for-profit,2024
439154,Texas Tech University System Administration,TX,Public,2024
439190,Cascadia College,WA,Public,2024
439367,CBD College,CA,Private not-for-profit,2024
439394,East West College of Natural Medicine,FL,Private for-profit,2024
439446,Atlantic Institute of Oriental Medicine,FL,Private not-for-profit,2024
439455,MDT College of Health Sciences,IL,Private for-profit,2024
439473,Bennett Career Institute,DC,Private for-profit,2024
439491,Blue Cliff College-Lafayette,LA,Private for-profit,2024
439570,Community Care College,OK,Private not-for-profit,2024
439622,Erie 1 BOCES,NY,Public,2024
439668,HDS Truck Driving Institute,AZ,Private for-profit,2024
439686,International Training Careers,FL,Private not-for-profit,2024
439701,The King's University,TX,Private not-for-profit,2024
439738,Fortis College-Baton Rouge,LA,Private for-profit,2024
439747,My Le's Beauty College,CA,Private for-profit,2024
439774,New Concept Massage and Beauty School,FL,Private for-profit,2024
439783,New York College of Traditional Chinese Medicine,NY,Private not-for-profit,2024
439792,Fortis College-Orange Park,FL,Private for-profit,2024
439817,Northeastern Seminary,NY,Private not-for-profit,2024
439844,Omega Institute of Cosmetology,LA,Private for-profit,2024
439862,Pacific Islands University,GU,Private not-for-profit,2024
439871,PCI College,CA,Private for-profit,2024
439899,Rosedale Bible College,OH,Private not-for-profit,2024
439914,Seattle Institute of East Asian Medicine,WA,Private not-for-profit,2024
439932,Shawnee Beauty College,OK,Private for-profit,2024
439969,Acupuncture and Massage College,FL,Private for-profit,2024
440004,Upper Valley Educators Institute,NH,Private not-for-profit,2024
440031,Keck Graduate Institute,CA,Private not-for-profit,2024
440059,Aviation Institute of Maintenance-Atlanta,GA,Private for-profit,2024
440101,Empire Beauty School-Kennesaw,GA,Private for-profit,2024
440138,Antioch University-System Administration,OH,Private not-for-profit,2024
440262,New York Automotive and Diesel Institute,NY,Private for-profit,2024
440271,Remington College-Baton Rouge Campus,LA,Private not-for-profit,2024
440396,New Saint Andrews College,ID,Private not-for-profit,2024
440402,Arkansas State University-Newport,AR,Public,2024
440651,Atenas University,PR,Private not-for-profit,2024
440730,Onondaga Cortland Madison BOCES,NY,Public,2024
440776,Interactive College of Technology,TX,Private for-profit,2024
440794,Pillar College,NJ,Private not-for-profit,2024
440819,Miami Ad School-San Francisco,CA,Private for-profit,2024
440828,Oregon State University-Cascades Campus,OR,Public,2024
440855,Milan Institute-Amarillo,TX,Private for-profit,2024
440916,Southern University Law Center,LA,Public,2024
440989,Texas Barber College,TX,Private for-profit,2024
441025,Miller-Motte College-Charleston,SC,Private for-profit,2024
441052,American Career College-Anaheim,CA,Private for-profit,2024
441070,Saginaw Chippewa Tribal College,MI,Public,2024
441104,Richmont Graduate University,TN,Private not-for-profit,2024
441131,The Seattle School of Theology & Psychology,WA,Private not-for-profit,2024
441210,East Valley Institute of Technology,AZ,Public,2024
441229,Smith Chason College,CA,Private for-profit,2024
441256,Design's School of Cosmetology,CA,Private for-profit,2024
441371,Ultimate Medical Academy,FL,Private not-for-profit,2024
441380,Florida Barber Academy,FL,Private for-profit,2024
441414,M-DCPS The English Center,FL,Public,2024
441423,Florida Education Institute,FL,Private for-profit,2024
441487,Texas County Technical College,MO,Private for-profit,2024
441496,Aviation Institute of Maintenance-Kansas City,MO,Private for-profit,2024
441502,Blue Cliff College-Gulfport,MS,Private for-profit,2024
441575,Metropolitan Learning Institute,NY,Private not-for-profit,2024
441593,Orleans Niagara BOCES-Practical Nursing Program,NY,Public,2024
441609,Yeshiva Shaarei Torah of Rockland,NY,Private not-for-profit,2024
441618,Leon Studio One School of Beauty Knowledge,NY,Private for-profit,2024
441636,American Institute of Alternative Medicine,OH,Private for-profit,2024
441645,Brown Aveda Institute-Mentor,OH,Private for-profit,2024
441663,Institute of Technology,OR,Private for-profit,2024
441672,Susquehanna County Career and Technology Center,PA,Public,2024
441690,Universidad Pentecostal Mizpa,PR,Private not-for-profit,2024
441706,Caribbean Forensic and Technical College,PR,Private for-profit,2024
441742,Concorde Career College-Grand Prairie,TX,Private for-profit,2024
441760,Lamar Institute of Technology,TX,Public,2024
441788,Aviation Institute of Maintenance-Dallas,TX,Private for-profit,2024
441830,Healing Mountain Massage School,UT,Private for-profit,2024
441858,Eastern Virginia Career College,VA,Private for-profit,2024
441876,"Rudy & Kelly Academy, A Paul Mitchell Partner School",VA,Private for-profit,2024
441900,Nevada State University,NV,Public,2024
441937,California State University-Channel Islands,CA,Public,2024
441982,Franklin W Olin College of Engineering,MA,Private not-for-profit,2024
442064,Won Institute of Graduate Studies,PA,Private not-for-profit,2024
442073,Lincoln Technical Institute-Paramus,NJ,Private for-profit,2024
442134,Pima Medical Institute-Colorado Springs,CO,Private for-profit,2024
442240,Paul Mitchell the School-Costa Mesa,CA,Private for-profit,2024
442295,Ave Maria School of Law,FL,Private not-for-profit,2024
442329,Tulsa Welding School-Jacksonville,FL,Private for-profit,2024
442356,Saint Joseph's University - Lancaster,PA,Private not-for-profit,2024
442383,West Virginia Junior College-Bridgeport,WV,Private for-profit,2024
442426,St Louis College of Health Careers-Fenton,MO,Private for-profit,2024
442435,Interactive College of Technology-Gainesville,GA,Private for-profit,2024
442444,San Joaquin Valley College-Ontario,CA,Private for-profit,2024
442523,Alaska Christian College,AK,Private not-for-profit,2024
442569,University of Arkansas Grantham,AR,Public,2024
442602,Carrington College-Albuquerque,NM,Private for-profit,2024
442611,NASCAR Technical Institute,NC,Private for-profit,2024
442639,University of the Potomac-VA Campus,VA,Private for-profit,2024
442657,Milan Institute-Palm Desert,CA,Private for-profit,2024
442781,Tohono O'odham Community College,AZ,Public,2024
442806,Edward Via College of Osteopathic Medicine,VA,Private not-for-profit,2024
442842,Pacific College of Health and Science,IL,Private for-profit,2024
442879,Southwest Institute of Healing Arts,AZ,Private for-profit,2024
442888,InterCoast Colleges-Riverside,CA,Private for-profit,2024
442930,University of Antelope Valley,CA,Private for-profit,2024
442976,Brighton Center's Center for Employment Training,KY,Private not-for-profit,2024
442985,California Healing Arts College,CA,Private for-profit,2024
443021,Dallas Barber & Stylist College,TX,Private for-profit,2024
443030,NorthShore University HealthSystem School of Nurse Anesthesia,IL,Private not-for-profit,2024
443049,Faith International University,WA,Private not-for-profit,2024
443058,Family of Faith Christian University,OK,Private not-for-profit,2024
443076,Hood Theological Seminary,NC,Private not-for-profit,2024
443100,Colegio Educativo Tecnologico Industrial Inc,PR,Private not-for-profit,2024
443137,Irene's Myomassology Institute,MI,Private for-profit,2024
443146,Jay's Technical Institute,TX,Private for-profit,2024
443207,NTMA Machinist Career College,CA,Private not-for-profit,2024
443216,P C Age-Jersey City,NJ,Private for-profit,2024
443225,PC AGE-Metropark,NJ,Private for-profit,2024
443234,Hollywood Institute,FL,Private for-profit,2024
443252,South Florida Institute of Technology,FL,Private for-profit,2024
443261,Southeastern College-Charleston,SC,Private for-profit,2024
443289,Tigi Hairdressing Academy-Colorado Springs,CO,Private for-profit,2024
443298,Trend Barber College,TX,Private for-profit,2024
443322,Valley Grande Institute for Academic Studies,TX,Private not-for-profit,2024
443331,West Coast University-Los Angeles,CA,Private for-profit,2024
443340,Williamson Christian College,TN,Private not-for-profit,2024
443368,Illinois Eastern Community College-System Office,IL,Public,2024
443377,Triangle Tech Inc-Sunbury,PA,Private for-profit,2024
443410,DigiPen Institute of Technology,WA,Private for-profit,2024
443492,Pierpont Community and Technical College,WV,Public,2024
443562,Dewey University-Hato Rey,PR,Private not-for-profit,2024
443571,InterCoast Colleges-West Covina,CA,Private for-profit,2024
443599,American College of Healthcare Sciences,OR,Private for-profit,2024
443632,Colorado Media School,CO,Private for-profit,2024
443641,Paul Mitchell the School-Rhode Island,RI,Private for-profit,2024
443650,Miller-Motte College-Chattanooga,TN,Private for-profit,2024
443669,Milan Institute-Sparks,NV,Private for-profit,2024
443696,Interactive College of Technology,TX,Private for-profit,2024
443702,"Bexley Hall Seabury Western Theological Seminary Federation, Inc.",IL,Private not-for-profit,2024
443711,University of North Texas System,TX,Public,2024
443766,Strayer University-Tennessee,TN,Private for-profit,2024
443784,Strayer University-Pennsylvania,PA,Private for-profit,2024
443951,Charlie's Guard-Detective Bureau and Academy Inc,PR,Private for-profit,2024
443979,PCI Academy-Plymouth,MN,Private for-profit,2024
444051,Creative Images Institute of Cosmetology-South Dayton,OH,Private for-profit,2024
444088,Brookline College-Albuquerque,NM,Private for-profit,2024
444103,Byzantine Catholic Seminary of Saints Cyril and Methodius,PA,Private not-for-profit,2024
444130,Northcentral University,CA,Private not-for-profit,2024
444194,Bayamon Community College,PR,Private for-profit,2024
444219,Folsom Lake College,CA,Public,2024
444228,LeGrand Institute of Cosmetology Inc,SC,Private for-profit,2024
444264,Cambridge Technical Institute,PR,Private for-profit,2024
444282,Empire Beauty School-Midlothian,VA,Private for-profit,2024
444291,Empire Beauty School-Owings Mills,MD,Private for-profit,2024
444307,Empire Beauty School-West Mifflin,PA,Private for-profit,2024
444325,ATI College-Whittier,CA,Private for-profit,2024
444334,Advance Science International College,FL,Private for-profit,2024
444361,ATA College,CA,Private for-profit,2024
444370,American Advanced Technicians Institute,FL,Private for-profit,2024
444398,Baptist University of the Americas,TX,Private not-for-profit,2024
444404,The Beauty Institute,FL,Private for-profit,2024
444413,Beis Medrash Heichal Dovid,NY,Private not-for-profit,2024
444440,Blue Cliff Career College,AL,Private for-profit,2024
444468,Lawrenceburg Technical College,TN,Private for-profit,2024
444486,Paul Mitchell the School-Charlotte,NC,Private for-profit,2024
444510,CES College,CA,Private not-for-profit,2024
444529,Stellar Career College,CA,Private for-profit,2024
444556,Auguste Escoffier School of Culinary Arts-Austin,TX,Private for-profit,2024
444565,Culinary Institute Inc,TX,Private for-profit,2024
444583,Escuela Hotelera de San Juan,PR,Private for-profit,2024
444635,Orion Institute,OH,Private for-profit,2024
444662,Moore Career College,LA,Private for-profit,2024
444671,Industrial Technical College,PR,Private for-profit,2024
444699,Institute of Clinical Acupuncture & Oriental Medicine,HI,Private for-profit,2024
444714,Gwinnett College-Marietta Campus,GA,Private for-profit,2024
444732,Leston College,PR,Private for-profit,2024
444778,Charlotte Christian College and Theological Seminary,NC,Private not-for-profit,2024
444787,Nightingale College,UT,Private for-profit,2024
444811,PITC Institute,PA,Private for-profit,2024
444857,Skinworks School of Advanced Skincare,UT,Private for-profit,2024
444866,Southeastern College-Columbia,SC,Private for-profit,2024
444936,Turning Point Beauty College,AZ,Private for-profit,2024
444945,Unitech Training Academy-Lafayette,LA,Private for-profit,2024
444954,Mountwest Community and Technical College,WV,Public,2024
445027,American InterContinental University System,AZ,Private for-profit,2024
445054,Toyota Technological Institute at Chicago,IL,Private not-for-profit,2024
445133,American InterContinental University-Houston,TX,Private for-profit,2024
445188,University of California-Merced,CA,Public,2024
445203,Remington College-North Houston Campus,TX,Private not-for-profit,2024
445212,Paul Mitchell the School-Orlando,FL,Private for-profit,2024
445230,Pima Medical Institute-Las Vegas,NV,Private for-profit,2024
445249,Remington College-Nashville Campus,TN,Private not-for-profit,2024
445267,Central Methodist University-College of Graduate and Extended Studies,MO,Private not-for-profit,2024
445364,North-West College-Riverside,CA,Private for-profit,2024
445498,Colegio Tecnico de Electricidad Galloza,PR,Private for-profit,2024
445540,Arthur's Beauty College,AR,Private for-profit,2024
445647,Spa Tech Institute-Westboro,MA,Private for-profit,2024
445656,Spa Tech Institute-Plymouth,MA,Private for-profit,2024
445692,Neumont College of Computer Science,UT,Private for-profit,2024
445708,Johnson & Wales University-Charlotte,NC,Private not-for-profit,2024
445735,Roseman University of Health Sciences,NV,Private not-for-profit,2024
445744,Fortis Institute-Port Saint Lucie,FL,Private for-profit,2024
445762,Aviation Institute of Maintenance-Manassas,VA,Private for-profit,2024
445780,Cosmetology School of Arts & Sciences,ID,Private for-profit,2024
445799,Universal Technical Institute of Pennsylvania Inc,PA,Private for-profit,2024
445841,Kenneth Shuler School of Cosmetology-Spartanburg,SC,Private for-profit,2024
445850,Kenneth Shuler School of Cosmetology-Columbia,SC,Private for-profit,2024
445869,Divine Mercy University,VA,Private not-for-profit,2024
445911,Lincoln Technical Institute-Shelton,CT,Private for-profit,2024
445948,Northwest Career College,NV,Private for-profit,2024
445957,Soma Institute-The National School of Clinical Massage Therapy,IL,Private for-profit,2024
446002,American Academy of Health and Wellness,MN,Private for-profit,2024
446039,Arizona School of Acupuncture and Oriental Medicine,AZ,Private for-profit,2024
446048,Ave Maria University,FL,Private not-for-profit,2024
446084,CALC Institute of Technology,IL,Private for-profit,2024
446093,Sutter County Career Training Center,CA,Public,2024
446109,Cambridge College of Healthcare & Technology,FL,Private for-profit,2024
446118,Career Care Institute,CA,Private for-profit,2024
446127,ATA Career Education,FL,Private for-profit,2024
446163,Community Christian College,AZ,Private not-for-profit,2024
446206,Culpeper Cosmetology Training Center,VA,Public,2024
446224,Eastern School of Acupuncture and Traditional Medicine,NJ,Private for-profit,2024
446233,Ecclesia College,AR,Private not-for-profit,2024
446242,Employment Solutions-College for Technical Education,KY,Private not-for-profit,2024
446251,Estelle Medical Academy,IL,Private for-profit,2024
446260,Evergreen Beauty and Barber College-Everett,WA,Private for-profit,2024
446288,Paul Mitchell the School-Great Lakes,MI,Private for-profit,2024
446303,Healthcare Training Institute,NJ,Private for-profit,2024
446349,John D Rockefeller IV Career Center,WV,Public,2024
446385,Los Angeles College of Music,CA,Private for-profit,2024
446516,Rosslyn Training Academy of Cosmetology,PR,Private for-profit,2024
446525,SAE Institute of Technology-Nashville,TN,Private for-profit,2024
446552,Southern Technical College,FL,Private for-profit,2024
446561,Stanbridge University,CA,Private for-profit,2024
446598,Universal College of Healing Arts,NE,Private for-profit,2024
446604,Uta Mesivta of Kiryas Joel,NY,Private not-for-profit,2024
446640,Harrisburg University of Science and Technology,PA,Private not-for-profit,2024
446774,Blue Ridge Community and Technical College,WV,Public,2024
446978,Colorado State University-System Office,CO,Public,2024
447014,Daytona College,FL,Private for-profit,2024
447023,Delta Technical College-Mississippi,MS,Private for-profit,2024
447050,United States University,CA,Private for-profit,2024
447148,Empire Beauty School-Avondale,AZ,Private for-profit,2024
447166,Empire Beauty School-Littleton,CO,Private for-profit,2024
447175,Empire Beauty School-Aurora,CO,Private for-profit,2024
447263,Joyce University of Nursing and Health Sciences,UT,Private for-profit,2024
447351,San Joaquin Valley College-Modesto,CA,Private for-profit,2024
447421,Eagle Gate College-Layton,UT,Private for-profit,2024
447449,Academy of Hair Design-Jasper,TX,Private for-profit,2024
447467,Unitech Training Academy-West Monroe,LA,Private for-profit,2024
447582,New River Community and Technical College,WV,Public,2024
447591,The College of Health Care Professions-Southwest Houston,TX,Private for-profit,2024
447607,UEI College-Chula Vista,CA,Private for-profit,2024
447616,UEI College-West Covina,CA,Private for-profit,2024
447689,Georgia Gwinnett College,GA,Public,2024
447698,Phoenix Institute of Herbal Medicine & Acupuncture,AZ,Private for-profit,2024
447704,Tucson College of Beauty,AZ,Private for-profit,2024
447713,California Career College,CA,Private for-profit,2024
447722,Palladium Technical Academy Inc,CA,Private for-profit,2024
447731,Los Angeles College of Aesthetics,CA,Private for-profit,2024
447759,National Polytechnic College,CA,Private for-profit,2024
447768,American Career College-Ontario,CA,Private for-profit,2024
447777,Asher College,CA,Private for-profit,2024
447795,American Institute of Massage Therapy,CA,Private for-profit,2024
447801,University of East-West Medicine,CA,Private for-profit,2024
447810,Blake Austin College,CA,Private for-profit,2024
447847,Aviator College of Aeronautical Science and Technology,FL,Private for-profit,2024
447865,Trendsetters School of Beauty & Barbering,FL,Private for-profit,2024
447883,American Institute of Beauty,FL,Private for-profit,2024
447892,North Florida Cosmetology Institute,FL,Private for-profit,2024
447908,Florida Academy of Health & Beauty,FL,Private for-profit,2024
447917,Augusta School of Massage,GA,Private for-profit,2024
447935,ATA College,KY,Private for-profit,2024
447953,SUM Bible College and Theological Seminary,CA,Private not-for-profit,2024
447962,Compass Career College,LA,Private for-profit,2024
447971,Hair Expressions Academy,MD,Private for-profit,2024
447980,Nuvo College of Cosmetology,MI,Private for-profit,2024
447999,WellSpring School of Allied Health-Kansas City,MO,Private for-profit,2024
448026,The Salon Professional Academy-Fargo,ND,Private for-profit,2024
448071,Aveda Arts & Sciences Institute-New York,NY,Private for-profit,2024
448123,MyrAngel Beauty Institute,PR,Private for-profit,2024
448196,Texas Health School,TX,Private for-profit,2024
448220,Paul Mitchell the School-Logan,UT,Private for-profit,2024
448239,Careers Unlimited,UT,Private for-profit,2024
448248,Mountainland Technical College,UT,Public,2024
448257,Avi Career Training,VA,Private for-profit,2024
448275,Mountain State School of Massage,WV,Private for-profit,2024
448336,Arkansas State University System,AR,Public,2024
448372,San Joaquin Valley College-Rancho Cordova,CA,Private for-profit,2024
448381,San Joaquin Valley College-Central Administrative Office,CA,Private for-profit,2024
448424,Broken Arrow Beauty College,OK,Private for-profit,2024
448433,Universal Technical Institute of Northern California Inc,CA,Private for-profit,2024
448594,Lemoore College,CA,Public,2024
448600,Stautzenberger College-Brecksville,OH,Private for-profit,2024
448637,West Hills Community College District,CA,Public,2024
448646,Unitech Training Academy-Houma,LA,Private for-profit,2024
448673,Rasmussen University-Illinois,IL,Private for-profit,2024
448691,International Institute for Restorative Practices,PA,Private not-for-profit,2024
448770,Automotive Training Center-Warminster,PA,Private for-profit,2024
448798,Empire Beauty School-Milwaukee,WI,Private for-profit,2024
448859,Triangle Tech Inc-Bethlehem,PA,Private for-profit,2024
448895,Milan Institute-Clovis,CA,Private for-profit,2024
449038,Strayer University-Florida,FL,Private for-profit,2024
449074,Pima Medical Institute-Renton,WA,Private for-profit,2024
449083,CBT Technology Institute-Main Campus,FL,Private for-profit,2024
449092,CBT Technology Institute-Hialeah,FL,Private for-profit,2024
449135,Dewey University-Juana Díaz,PR,Private not-for-profit,2024
449250,The College of Health Care Professions-San Antonio,TX,Private for-profit,2024
449311,Brittany Beauty Academy,NY,Private for-profit,2024
449320,Lincoln Technical Institute-Whitestone,NY,Private for-profit,2024
449339,American Public University System,WV,Private for-profit,2024
449348,Huntsville Bible College,AL,Private not-for-profit,2024
449357,Beaumont Adult School,CA,Public,2024
449384,Gnomon,CA,Private for-profit,2024
449393,Coachella Valley Beauty College,CA,Private for-profit,2024
449445,Valley College of Medical Careers,CA,Private for-profit,2024
449454,Academy of Natural Therapy Inc,CO,Private for-profit,2024
449463,Academy Di Capelli-School of Cosmetology,CT,Private for-profit,2024
449472,Delaware Learning Institute of Cosmetology,DE,Private for-profit,2024
449481,Dragon Rises College of Oriental Medicine,FL,Private not-for-profit,2024
449490,Palm Beach Academy of Health & Beauty,FL,Private for-profit,2024
449506,SABER College,FL,Private not-for-profit,2024
449524,Taylor College,FL,Private for-profit,2024
449533,Pensacola School of Massage Therapy & Health Careers,FL,Private for-profit,2024
449597,Ideal Beauty Academy,IN,Private for-profit,2024
449603,Denmark College,IN,Private for-profit,2024
449612,Louisiana Culinary Institute,LA,Private for-profit,2024
449658,Bais Medrash Toras Chesed,NJ,Private not-for-profit,2024
449676,Ace Institute of Technology,NY,Private for-profit,2024
449685,New Age Training,NY,Private for-profit,2024
449700,Dayton School of Medical Massage,OH,Private for-profit,2024
449728,ATA College,OK,Private for-profit,2024
449764,Visible Music College,TN,Private not-for-profit,2024
449773,CCI Training Center-Arlington,TX,Private for-profit,2024
449782,Champion Beauty College,TX,Private for-profit,2024
449807,Southeast Texas Career Institute,TX,Private for-profit,2024
449816,Southwest Technical College,UT,Public,2024
449834,Virginia Beach Theological Seminary,VA,Private not-for-profit,2024
449861,Milwaukee Career College,WI,Private for-profit,2024
449870,University of the West,CA,Private not-for-profit,2024
449889,American College of Education,IN,Private for-profit,2024
449898,South University-Tampa,FL,Private for-profit,2024
449904,Milan Institute of Cosmetology-San Antonio Military,TX,Private for-profit,2024
449922,Appalachian College of Pharmacy,VA,Private not-for-profit,2024
449959,Paul Mitchell the School-Tampa,FL,Private for-profit,2024
449968,Paul Mitchell the School-San Diego,CA,Private for-profit,2024
449977,Paul Mitchell the School-Michigan,MI,Private for-profit,2024
449986,Paul Mitchell the School-Sherman Oaks,CA,Private for-profit,2024
449995,Paul Mitchell the School-Tysons Corner,VA,Private for-profit,2024
450058,Fortis College-Columbus,OH,Private for-profit,2024
450067,Fortis College-Cincinnati,OH,Private for-profit,2024
450128,Blue Cliff College-Alexandria,LA,Private for-profit,2024
450298,Strayer University-Delaware,DE,Private for-profit,2024
450304,Brite Divinity School,TX,Private not-for-profit,2024
450377,Strayer University-Alabama,AL,Private for-profit,2024
450395,Brown Aveda Institute-Strongsville,OH,Private for-profit,2024
450401,Clary Sage College,OK,Private not-for-profit,2024
450571,Rasmussen University-Wisconsin,WI,Private for-profit,2024
450599,Empire Beauty School-Richmond,VA,Private for-profit,2024
450605,Empire Beauty School-North Hills,PA,Private for-profit,2024
450614,Empire Beauty School-Concord,NC,Private for-profit,2024
450632,Lexington Healing Arts Academy,KY,Private for-profit,2024
450641,Empire Beauty School-Hooksett,NH,Private for-profit,2024
450650,The Institute of Beauty and Wellness,WI,Private for-profit,2024
450696,Carrington College-Stockton,CA,Private for-profit,2024
450711,Trend Barber College,TX,Private for-profit,2024
450720,Euphoria Institute of Beauty Arts & Sciences-Summerlin,NV,Private for-profit,2024
450933,Columbia Southern University,AL,Private for-profit,2024
450951,Arizona Culinary Institute,AZ,Private for-profit,2024
450960,Healthcare Career College,CA,Private for-profit,2024
450988,Coastline Beauty College,CA,Private for-profit,2024
451042,Branford Academy of Hair & Cosmetology,CT,Private for-profit,2024
451051,Academy of Massage and Bodywork,DE,Private for-profit,2024
451079,Academy for Five Element Acupuncture,FL,Private not-for-profit,2024
451097,Academy of Career Training,FL,Private for-profit,2024
451103,Miami Regional University,FL,Private for-profit,2024
451121,Paul Mitchell the School-Miami,FL,Private for-profit,2024
451149,Aveda Institute-South Florida,FL,Private for-profit,2024
451158,Aveda Institute-Tallahassee,FL,Private for-profit,2024
451167,Shear Excellence Hair Academy,FL,Private for-profit,2024
451194,Carlson College of Massage Therapy,IA,Private for-profit,2024
451228,MyComputerCareer at Indianapolis,IN,Private for-profit,2024
451237,Z Hair Academy,KS,Private for-profit,2024
451255,DiGrigoli School of Cosmetology,MA,Private for-profit,2024
451282,Elevate Salon Institute,MI,Private for-profit,2024
451291,Lakewood School of Therapeutic Massage,MI,Private for-profit,2024
451307,The Salon Professional Academy-Battle Creek,MI,Private for-profit,2024
451316,Trend Setters School,MO,Private for-profit,2024
451334,Academy of Hair Design-Springfield,MO,Private for-profit,2024
451343,Corinth Academy of Cosmetology,MS,Private for-profit,2024
451352,Southeastern College-Charlotte,NC,Private for-profit,2024
451370,Yeshivas Be'er Yitzchok,NJ,Private not-for-profit,2024
451398,Yeshiva Toras Chaim,NJ,Private not-for-profit,2024
451404,Talmudical Seminary of Bobov,NY,Private not-for-profit,2024
451413,Center for Allied Health Education,NY,Private for-profit,2024
451468,Aveda Fredric's Institute-Cincinnati,OH,Private for-profit,2024
451477,MyComputerCareer at Columbus,OH,Private for-profit,2024
451495,CDE Career Institute,PA,Private for-profit,2024
451501,Instituto Educativo Premier,PR,Private for-profit,2024
451510,Charleston School of Law,SC,Private for-profit,2024
451529,Elite College of Cosmetology,TN,Private for-profit,2024
451547,Manuel and Theresa's School of Hair Design-Bryan,TX,Private for-profit,2024
451556,Southwest University at El Paso,TX,Private for-profit,2024
451565,Paul Mitchell the School-Austin,TX,Private for-profit,2024
451574,Aveda Institute-Provo,UT,Private for-profit,2024
451583,Dixie Technical College,UT,Public,2024
451626,Victoria's Academy of Cosmetology,WA,Private for-profit,2024
451714,Paul Mitchell the School-San Antonio,TX,Private for-profit,2024
451750,Bryant & Stratton College-Wauwatosa,WI,Private not-for-profit,2024
451857,Remington College-Houston Southeast Campus,TX,Private not-for-profit,2024
451866,Remington College-Shreveport Campus,LA,Private not-for-profit,2024
451918,TC Beauty,TN,Private for-profit,2024
451927,Patrick Henry College,VA,Private not-for-profit,2024
452009,The Hair Academy,ND,Private for-profit,2024
452072,Ross Medical Education Center-New Baltimore,MI,Private for-profit,2024
452081,Ross College-Sylvania,OH,Private for-profit,2024
452106,Escuela De Troqueleria Y Herramentaje,PR,Public,2024
452124,Fortis Institute-Nashville,TN,Private for-profit,2024
452373,ATA College-Cincinnati,OH,Private for-profit,2024
452771,Dental Assistant Pro LLC-Columbus,OH,Private for-profit,2024
452780,Dental Assistant Pro-Lebanon,OH,Private for-profit,2024
452887,Elite Welding Academy LLC,OH,Private for-profit,2024
452948,Galen College of Nursing-Cincinnati,OH,Private for-profit,2024
453163,Strayer University-North Carolina,NC,Private for-profit,2024
453215,Strayer University-New Jersey,NJ,Private for-profit,2024
453297,International Culinary Arts and Sciences Institute,OH,Private for-profit,2024
453756,Ohio Media School-Columbus,OH,Private for-profit,2024
453792,Ohio Medical Career College,OH,Private for-profit,2024
454218,Chamberlain University-Administrative Office,IL,Private for-profit,2024
454227,Chamberlain University-Illinois,IL,Private for-profit,2024
454236,Chamberlain University-Ohio,OH,Private for-profit,2024
454245,Chamberlain University-Arizona,AZ,Private for-profit,2024
454537,The Salon Professional Academy-Appleton,WI,Private for-profit,2024
454546,Milan Institute of Cosmetology-Vacaville,CA,Private for-profit,2024
454555,Milan Institute of Cosmetology-Reno,NV,Private for-profit,2024
454582,Ottawa University-Online,KS,Private not-for-profit,2024
454607,Paul Mitchell the School-Esani,GA,Private for-profit,2024
454652,Paul Mitchell the School-Birmingham,AL,Private for-profit,2024
454689,Taft University System,CO,Private for-profit,2024
454698,Mayfield College,CA,Private for-profit,2024
454722,Academy of Esthetics and Cosmetology,CA,Private for-profit,2024
454759,Borner's Barber College,CA,Private for-profit,2024
454768,Paul Mitchell the School-Pasadena,CA,Private for-profit,2024
454777,San Francisco Institute of Esthetics & Cosmetology Inc,CA,Private for-profit,2024
454786,Laurus College,CA,Private for-profit,2024
454795,Healing Hands School of Holistic Health,CA,Private for-profit,2024
454801,Career Development Institute Inc,CA,Private for-profit,2024
454810,Auguste Escoffier School of Culinary Arts-Boulder,CO,Private for-profit,2024
454829,Aspen University,AZ,Private for-profit,2024
454838,Institute of Taoist Education and Acupuncture,CO,Private not-for-profit,2024
454856,Denver College of Nursing,CO,Private for-profit,2024
454865,Cambridge College of Healthcare & Technology,FL,Private for-profit,2024
454874,Cozmo Beauty School,FL,Private for-profit,2024
454917,Celebrity School of Beauty,FL,Private for-profit,2024
454926,Paul Mitchell the School-Atlanta,GA,Private for-profit,2024
454935,Evans Hairstyling College-Rexburg,ID,Private for-profit,2024
454944,Paul Mitchell the School-Rexburg,ID,Private for-profit,2024
454953,University of Aesthetics & Cosmetology,IL,Private for-profit,2024
454962,The University of Aesthetics & Cosmetology,IL,Private for-profit,2024
454971,Tricoci University of Beauty Culture-Chicago NW,IL,Private for-profit,2024
454980,Tricoci University of Beauty Culture-Glendale Heights,IL,Private for-profit,2024
454999,Tricoci University of Beauty Culture-Peoria,IL,Private for-profit,2024
455008,Tricoci University of Beauty Culture-Rockford,IL,Private for-profit,2024
455026,Omega Studios' School of Applied Recording Arts & Sciences,MD,Private for-profit,2024
455062,French Academy of Cosmetology,MI,Private for-profit,2024
455071,Healing Arts Center,MO,Private for-profit,2024
455080,Paul Mitchell the School-Springfield,MO,Private for-profit,2024
455099,Urshan Graduate School of Theology,MO,Private not-for-profit,2024
455105,Mississippi Institute of Aesthetics Nails & Cosmetology,MS,Private for-profit,2024
455114,College of Western Idaho,ID,Public,2024
455141,Aveda Institute-Chapel Hill,NC,Private for-profit,2024
455178,Daoist Traditions College of Chinese Medical Arts,NC,Private for-profit,2024
455187,Total Image Beauty Academy,NJ,Private for-profit,2024
455196,Jersey College,NJ,Private for-profit,2024
455202,American Institute of Medical Sciences & Education,NJ,Private for-profit,2024
455211,Casal Institute of Nevada,NV,Private for-profit,2024
455220,Career School of NY,NY,Private not-for-profit,2024
455257,Yeshiva of Machzikai Hadas,NY,Private not-for-profit,2024
455275,Aveda Institute-Columbus,OH,Private for-profit,2024
455284,Paul Mitchell the School-Cincinnati,OH,Private for-profit,2024
455327,Hands on Therapy,TX,Private for-profit,2024
455336,MediaTech Institute-Dallas,TX,Private for-profit,2024
455354,Aveda Arts & Sciences Institute-San Antonio,TX,Private for-profit,2024
455381,Skin Science Institute,UT,Private for-profit,2024
455406,Pacific Northwest University of Health Sciences,WA,Private not-for-profit,2024
455433,The Chicago School at Anaheim,CA,Private not-for-profit,2024
455460,Fortis College-Dothan,AL,Private for-profit,2024
455479,Fortis Institute-Pensacola,FL,Private for-profit,2024
455488,Fortis College-Montgomery,AL,Private for-profit,2024
455512,Woodland Community College,CA,Public,2024
455628,Fortis Institute-Birmingham,AL,Private for-profit,2024
455664,The Chicago School at Los Angeles,CA,Private not-for-profit,2024
455707,Cardiac and Vascular Institute of Ultrasound,AL,Private for-profit,2024
455725,Studio Academy of Beauty,AZ,Private for-profit,2024
455734,California Nurses Educational Institute,CA,Private for-profit,2024
455761,Paul Mitchell the School-Sacramento,CA,Private for-profit,2024
455770,Providence Christian College,CA,Private not-for-profit,2024
455798,Oxford Academy of Hair Design Inc,CT,Private for-profit,2024
455804,Institute of World Politics,DC,Private not-for-profit,2024
455813,Pontifical John Paul II Institute for Studies on Marriage and Family,DC,Private not-for-profit,2024
455831,Medical Institute of Palm Beach,FL,Private for-profit,2024
455859,Oliver Finley Academy of Cosmetology,ID,Private for-profit,2024
455868,National Career College,CA,Private for-profit,2024
455877,The Aveda Institute of Beauty and Wellness Chicago,IL,Private for-profit,2024
455886,Tricoci University of Beauty Culture-Libertyville,IL,Private for-profit,2024
455895,Tricoci University of Beauty Culture-Bridgeview,IL,Private for-profit,2024
455901,The Temple-A Paul Mitchell Partner School,MD,Private for-profit,2024
455910,Center for Massage,NC,Private for-profit,2024
455929,The Academy of Hair Design LLC,OK,Private for-profit,2024
455965,COLLECTIV Academy-Cranston,RI,Private for-profit,2024
455974,South Texas Training Center,TX,Private for-profit,2024
455983,Columbia College,VA,Private for-profit,2024
455992,Vermont College of Fine Arts,VT,Private not-for-profit,2024
456001,Advanced Welding Institute,VT,Private for-profit,2024
456029,Paul Mitchell the School-Memphis,TN,Private for-profit,2024
456038,Pima Medical Institute-East Valley,AZ,Private for-profit,2024
456065,Paul Mitchell the School-Cleveland,OH,Private for-profit,2024
456074,Paul Mitchell the School-Columbus,OH,Private for-profit,2024
456135,Empire Beauty School-Spring Lake Park,MN,Private for-profit,2024
456153,MediaTech Institute-Houston,TX,Private for-profit,2024
456205,Miller-Motte College-Raleigh,NC,Private for-profit,2024
456214,Lamson Institute,TX,Private for-profit,2024
456287,College of Hair Design-East Campus,NE,Private for-profit,2024
456454,Fortis College-Salt Lake City,UT,Private for-profit,2024
456481,Polytechnic University of Puerto Rico-Miami,FL,Private not-for-profit,2024
456490,Polytechnic University of Puerto Rico-Orlando,FL,Private not-for-profit,2024
456506,Ross Medical Education Center-Fort Wayne,IN,Private for-profit,2024
456515,Ross Medical Education Center-Battle Creek,MI,Private for-profit,2024
456542,Geisinger Commonwealth School of Medicine,PA,Private not-for-profit,2024
456551,"Josef's School of Hair, Skin & Body-Fargo",ND,Private for-profit,2024
456579,Miller-Motte College-Berks Technical Institute-Allentown,PA,Private for-profit,2024
456588,Salon Success Academy-Fontana,CA,Private for-profit,2024
456597,Salon Success Academy-Redlands,CA,Private for-profit,2024
456621,Strayer University-West Virginia,WV,Private for-profit,2024
456825,Paul Mitchell the School-Baton Rouge,LA,Private for-profit,2024
456852,San Joaquin Valley College-Hesperia,CA,Private for-profit,2024
456922,South Texas Vocational Technical Institute-Brownsville,TX,Private for-profit,2024
456931,Miller-Motte College-STVT-Corpus Christi,TX,Private for-profit,2024
456959,University of Minnesota-Rochester,MN,Public,2024
456968,Health And Style Institute,NC,Private for-profit,2024
456977,CBT Technology Institute-Cutler Bay,FL,Private for-profit,2024
457031,Capri Beauty College,IL,Private for-profit,2024
457077,Milan Institute-Bakersfield,CA,Private for-profit,2024
457086,Homestead Schools,CA,Private not-for-profit,2024
457101,Carrington College-Las Vegas,NV,Private for-profit,2024
457110,Carrington College-Reno,NV,Private for-profit,2024
457129,Chamberlain University-Florida,FL,Private for-profit,2024
457192,Washington Barber College Inc,AR,Private for-profit,2024
457208,InterCoast Colleges-Rancho Cordova,CA,Private for-profit,2024
457226,Horizon University,IN,Private not-for-profit,2024
457253,Beyond 21st Century Beauty Academy,CA,Private for-profit,2024
457271,Academy for Jewish Religion California,CA,Private not-for-profit,2024
457299,Angeles College,CA,Private for-profit,2024
457314,Angeles Institute,CA,Private for-profit,2024
457323,Paul Mitchell the School-Temecula,CA,Private for-profit,2024
457332,TIGI Hairdressing Academy Guilford,CT,Private for-profit,2024
457341,International Institute of Cosmetology,CT,Private for-profit,2024
457350,Florida School of Traditional Midwifery,FL,Private not-for-profit,2024
457378,Emerald Coast Technical College,FL,Public,2024
457387,Immokalee Technical College,FL,Public,2024
457396,American Academy of Cosmetology,FL,Private for-profit,2024
457402,University of Fort Lauderdale,FL,Private not-for-profit,2024
457411,Aviation Institute of Maintenance-Orlando,FL,Private for-profit,2024
457420,Summit Salon Academy,FL,Private for-profit,2024
457439,Summit Salon Academy-Gainesville,FL,Private for-profit,2024
457448,Tenaj Salon Institute,FL,Private for-profit,2024
457466,Profile Institute of Barber-Styling,GA,Private for-profit,2024
457475,Keune Academy by 124,GA,Private for-profit,2024
457484,Pacific Rim Christian University,HI,Private not-for-profit,2024
457493,Paul Mitchell the School-Twin Falls,ID,Private for-profit,2024
457527,Ambria College of Nursing,IL,Private for-profit,2024
457536,Midwestern Career College,IL,Private for-profit,2024
457545,Paul Mitchell the School-Normal,IL,Private for-profit,2024
457563,Aveda Fredric's Institute-Indianapolis,IN,Private for-profit,2024
457572,Summit Salon Academy,IN,Private for-profit,2024
457581,Eric Fisher Academy,KS,Private for-profit,2024
457606,My Le's Beauty College,LA,Private for-profit,2024
457615,Blackstone Valley Vocational Regional School District,MA,Public,2024
457624,Southern Worcester County Regional Vocational School District,MA,Public,2024
457633,L'esprit Academy,MI,Private for-profit,2024
457642,Marketti Academy of Cosmetology,MI,Private for-profit,2024
457679,Avalon School of Cosmetology,MN,Private for-profit,2024
457697,City Vision University,MO,Private not-for-profit,2024
457749,Montana Academy of Salons,MT,Private for-profit,2024
457767,National Career Institute,NJ,Private for-profit,2024
457776,Paul Mitchell the School-Albuquerque,NM,Private for-profit,2024
457785,International Academy of Style,NV,Private for-profit,2024
457794,EDP School,NY,Private not-for-profit,2024
457800,New York Medical Career Training Center,NY,Private for-profit,2024
457819,Institute of Culinary Education,NY,Private for-profit,2024
457837,The Salon Professional Academy-Tonawanda,NY,Private for-profit,2024
457855,Paul Mitchell the School-NYC,NY,Private for-profit,2024
457873,Four County Career Center,OH,Public,2024
457916,Summit Salon Academy-Perrysburg,OH,Private for-profit,2024
457925,Portland Actors Conservatory,OR,Private not-for-profit,2024
457943,Somerset County Technology Center,PA,Public,2024
457952,Metro Beauty Academy,PA,Private for-profit,2024
457989,Academy for Careers and Technology,SC,Public,2024
458007,Love Beauty School Inc,TN,Private for-profit,2024
458034,Houston International College Cardiotech Ultrasound School,TX,Private for-profit,2024
458043,DuVall's School of Cosmetology,TX,Private for-profit,2024
458061,Texas Beauty College,TX,Private for-profit,2024
458070,Avenue Five Institute,TX,Private for-profit,2024
458098,The Salon Professional Academy-Lewisville,TX,Private for-profit,2024
458104,Renaissance Academie,UT,Private for-profit,2024
458113,Ascent College,VA,Private not-for-profit,2024
458122,Institute of Advanced Medical Esthetics,VA,Private for-profit,2024
458131,Aveda Arts & Sciences Institute Seattle,WA,Private for-profit,2024
458140,Northwest School of Wooden Boat Building,WA,Private not-for-profit,2024
458168,The Salon Professional Academy-Onalaska,WI,Private for-profit,2024
458210,West Coast University-Orange County,CA,Private for-profit,2024
458229,West Coast University-Ontario,CA,Private for-profit,2024
458274,Paul Mitchell the School-Chicago,IL,Private for-profit,2024
458405,Miller-Motte College-Fayetteville,NC,Private for-profit,2024
458423,European Massage Therapy School-Las Vegas,NV,Private for-profit,2024
458441,Miller-Motte College-Columbus,GA,Private for-profit,2024
458681,Fortis College-Indianapolis,IN,Private for-profit,2024
458803,Empire Beauty School-E Memphis,TN,Private for-profit,2024
458812,Empire Beauty School-Nashville,TN,Private for-profit,2024
458821,Empire Beauty School-Jackson,TN,Private for-profit,2024
458830,Empire Beauty School-Springfield,PA,Private for-profit,2024
458858,Empire Beauty School-Speedway,IN,Private for-profit,2024
458867,Empire Beauty School-Morrow,GA,Private for-profit,2024
458885,Strayer University-Arkansas,AR,Private for-profit,2024
458919,Strayer University-Georgia,GA,Private for-profit,2024
458955,Strayer University-Mississippi,MS,Private for-profit,2024
458964,Strayer University-South Carolina,SC,Private for-profit,2024
458973,Strayer University-Texas,TX,Private for-profit,2024
459019,Empire Beauty School-Charlotte,NC,Private for-profit,2024
459046,Empire Beauty School-Winston-Salem,NC,Private for-profit,2024
459055,Empire Beauty School-West Palm,FL,Private for-profit,2024
459064,Empire Beauty School-Pineville,NC,Private for-profit,2024
459116,Paul Mitchell the School-Phoenix,AZ,Private for-profit,2024
459170,Paul Mitchell the School-Modesto,CA,Private for-profit,2024
459198,Paul Mitchell the School-Fresno,CA,Private for-profit,2024
459204,Unitek College,CA,Private for-profit,2024
459213,Gurnick Academy of Medical Arts,CA,Private for-profit,2024
459231,Paul Mitchell the School-East Bay,CA,Private for-profit,2024
459259,South University-Richmond,VA,Private for-profit,2024
459268,South University-Virginia Beach,VA,Private for-profit,2024
459277,Aveda Institute-Denver,CO,Private for-profit,2024
459286,Paul Mitchell the School-Colorado Springs,CO,Private for-profit,2024
459295,The Salon Professional Academy-Colorado Springs,CO,Private for-profit,2024
459301,Paul Mitchell the School-Delaware,DE,Private for-profit,2024
459329,Fred K Marchman Technical College,FL,Public,2024
459347,The Salon Professional Academy-Ft Myers,FL,Private for-profit,2024
459374,Universal Spa Training Academy,IL,Private for-profit,2024
459392,The Salon Professional Academy-Evansville,IN,Private for-profit,2024
459408,Tri County Regional Vocational Technical High School,MA,Public,2024
459426,Nova Academy of Cosmetology,MN,Private for-profit,2024
459499,Sage School of Massage & Esthetics,OR,Private for-profit,2024
459514,Peloton College,TX,Private for-profit,2024
459523,ABC Beauty Academy,TX,Private for-profit,2024
459532,Salon & Spa Institute,TX,Private for-profit,2024
459541,American Beauty Academy,UT,Private for-profit,2024
459550,Summit Salon Academy,WA,Private for-profit,2024
459578,Paul Mitchell the School-Milwaukee,WI,Private for-profit,2024
459727,Touro University Worldwide,CA,Private not-for-profit,2024
459736,Touro University California,CA,Private not-for-profit,2024
459745,The Chicago School at Washington DC,DC,Private not-for-profit,2024
459824,Touro University Nevada,NV,Private not-for-profit,2024
459842,Herzing University-Kenosha,WI,Private not-for-profit,2024
459851,Herzing University-Brookfield,WI,Private not-for-profit,2024
459949,Texas A&M University-San Antonio,TX,Public,2024
459958,Fortis Institute,TX,Private for-profit,2024
459967,Southern Careers Institute-Brownsville,TX,Private for-profit,2024
459985,Southern Careers Institute-Harlingen,TX,Private for-profit,2024
459994,Strayer University-Global Region,DC,Private for-profit,2024
460011,Kenneth Shuler School of Cosmetology-Florence,SC,Private for-profit,2024
460020,Fortis College-Columbia,SC,Private for-profit,2024
460093,Ross Medical Education Center-Davison,MI,Private for-profit,2024
460109,Ross Medical Education Center-Granger,IN,Private for-profit,2024
460118,Ross Medical Education Center-Niles,OH,Private for-profit,2024
460127,Ross Medical Education Center-Canton,MI,Private for-profit,2024
460136,Pima Medical Institute-Houston,TX,Private for-profit,2024
460145,Illinois Media School-Chicago Campus,IL,Private for-profit,2024
460172,Miller-Motte College-STVT-San Antonio,TX,Private for-profit,2024
460181,Concorde Career College-Dallas,TX,Private for-profit,2024
460190,Concorde Career Institute-Orlando,FL,Private for-profit,2024
460206,Concorde Career College-San Antonio,TX,Private for-profit,2024
460349,Johnson & Wales University-Online,RI,Private not-for-profit,2024
460394,Moreno Valley College,CA,Public,2024
460464,Norco College,CA,Public,2024
460482,Dorsey College-Saginaw,MI,Private for-profit,2024
460534,Milan Institute of Cosmetology-El Paso,TX,Private for-profit,2024
460543,Universal Technical Institute-Dallas Fort Worth,TX,Private for-profit,2024
460677,ICPR Junior College,PR,Private for-profit,2024
460701,Artistic Nails and Beauty Academy-Lakeland,FL,Private for-profit,2024
460756,Hawaii Medical College,HI,Private for-profit,2024
460765,Carolina College of Hair Design Inc,NC,Private for-profit,2024
460808,Integrated Massage Therapy Services,ID,Private for-profit,2024
460817,Miller-Motte College-Jacksonville,NC,Private for-profit,2024
460826,Miller-Motte College-Augusta,GA,Private for-profit,2024
460835,Miller-Motte College-Conway,SC,Private for-profit,2024
460862,Aveda Institute-Portland,OR,Private for-profit,2024
460871,Chamberlain University-Virginia,VA,Private for-profit,2024
460914,Penrose Academy,AZ,Private for-profit,2024
460932,Skin Institute,MO,Private for-profit,2024
460969,Beauty Academy of South Florida,FL,Private for-profit,2024
460978,Ogle School Hair Skin Nails-North Dallas,TX,Private for-profit,2024
460987,The Salon Professional Academy,AR,Private for-profit,2024
460996,The Salon Professional Academy-St Charles,MO,Private for-profit,2024
461014,Mildred Elley-New York Campus,NY,Private for-profit,2024
461023,Crestpoint University,AZ,Private for-profit,2024
461032,Carolina College of Biblical Studies,NC,Private not-for-profit,2024
461087,Northeast Technology Center,OK,Public,2024
461111,Allstate Hairstyling & Barber College,OH,Private for-profit,2024
461120,Omega Graduate School,TN,Private not-for-profit,2024
461139,Jung Tao School of Classical Chinese Medicine,NC,Private not-for-profit,2024
461148,New York Film Academy,CA,Private for-profit,2024
461175,International College of Cosmetology,CA,Private for-profit,2024
461193,Bella Capelli Academy,PA,Private for-profit,2024
461218,Institute of Medical Careers,PA,Private for-profit,2024
461245,Flagler Technical College,FL,Public,2024
461254,Galaxy Medical College,CA,Private for-profit,2024
461263,American Medical Sciences Center,CA,Private for-profit,2024
461272,Mandalyn Academy,UT,Private for-profit,2024
461281,Jose Maria Vargas University,FL,Private for-profit,2024
461306,D A Dorsey Technical College,FL,Public,2024
461315,Keweenaw Bay Ojibwa Community College,MI,Public,2024
461324,Meridian Institute of Surgical Assisting,TN,Private for-profit,2024
461333,Mauna Loa Helicopters,HI,Private for-profit,2024
461342,Acaydia School of Aesthetics,UT,Private for-profit,2024
461379,Holistic Massage Training Institute,MD,Private for-profit,2024
461388,Diamonds College,TX,Private for-profit,2024
461412,Northern Virginia School of Therapeutic Massage,VA,Private for-profit,2024
461421,Paul Mitchell the School-St Louis,MO,Private for-profit,2024
461430,Advanced Training Institute,NV,Private for-profit,2024
461485,Shepherds Theological Seminary,NC,Private not-for-profit,2024
461494,Taylor Andrews Academy of Hair Design-West Jordan,UT,Private for-profit,2024
461500,Santa Ana Beauty Academy,CA,Private for-profit,2024
461528,Manna University,NC,Private not-for-profit,2024
461537,Evolve Beauty Academy,MO,Private for-profit,2024
461555,Aveda Institute-New Mexico,NM,Private for-profit,2024
461573,American Trade School,MO,Private for-profit,2024
461582,Estelle Skin Care and Spa Institute,IL,Private for-profit,2024
461607,Elite Cosmetology School,CA,Private for-profit,2024
461625,American Technical Institute,PR,Private for-profit,2024
461652,Aveda Institute-Boise,ID,Private for-profit,2024
461689,Pima Medical Institute-Aurora,CO,Private for-profit,2024
461704,Capilo School of Hair Design,ME,Private for-profit,2024
461713,Pure Aesthetics Natural Skincare School,AZ,Private for-profit,2024
461722,Lindsey Institute of Cosmetology,KY,Private for-profit,2024
461740,Buckner Barber School,TX,Private for-profit,2024
461759,Simmons College of Kentucky,KY,Private not-for-profit,2024
461768,Atelier Esthetique Institute of Esthetics,NY,Private for-profit,2024
461786,Advanced College of Cosmetology,WI,Private for-profit,2024
461795,North American University,TX,Private not-for-profit,2024
461810,United Beauty College,CO,Private for-profit,2024
461829,Cinta Aveda Institute,CA,Private for-profit,2024
461838,Long Island Nail Skin & Hair Institute,NY,Private for-profit,2024
461847,Keser Torah-Mayan Hatalmud,NJ,Private not-for-profit,2024
461856,Southern California Health Institute,CA,Private for-profit,2024
461865,Best Care College,NJ,Private for-profit,2024
461874,First Class Cosmetology School,WI,Private for-profit,2024
461883,Millennia Atlantic University,FL,Private for-profit,2024
461892,Abcott Institute,MI,Private for-profit,2024
461908,The Salon Professional Academy-Kenosha,WI,Private for-profit,2024
461917,Paul Mitchell the School-Indianapolis,IN,Private for-profit,2024
461926,Taylor Andrews Academy-St George,UT,Private for-profit,2024
461944,Protege Academy,MI,Private for-profit,2024
461953,Colorado Academy of Veterinary Technology,CO,Private for-profit,2024
461962,Northeast Technical Institute,ME,Private for-profit,2024
461999,Elite School of Cosmetology,OH,Private for-profit,2024
462008,Paul Mitchell the School-Las Vegas,NV,Private for-profit,2024
462017,Summit Salon Academy-Kokomo,IN,Private for-profit,2024
462035,Florida Academy,FL,Private for-profit,2024
462044,Institute for Doctoral Studies in the Visual Arts,ME,Private not-for-profit,2024
462053,State Career College,IL,Private for-profit,2024
462062,Academy for Salon Professionals,CA,Private for-profit,2024
462071,Paul Mitchell the School-Spokane,WA,Private for-profit,2024
462336,International College of Beauty Arts & Sciences,CA,Private for-profit,2024
462354,John Paul the Great Catholic University,CA,Private not-for-profit,2024
463056,University of Connecticut-Hartford Campus,CT,Public,2024
464226,Ottawa University-Surprise,AZ,Private not-for-profit,2024
466921,Chamberlain University-Missouri,MO,Private for-profit,2024
466930,Chamberlain University-Texas,TX,Private for-profit,2024
467094,Continental School of Beauty Culture-Mattydale,NY,Private for-profit,2024
467863,Paul Mitchell the School-Columbia,SC,Private for-profit,2024
467872,Paul Mitchell the School-Charleston,SC,Private for-profit,2024
467906,Kenneth Shuler School of Cosmetology-Greenville,SC,Private for-profit,2024
468246,Northwest College-Eugene,OR,Private for-profit,2024
468255,Northwest College-Tualatin,OR,Private for-profit,2024
468769,CET-Soledad,CA,Private not-for-profit,2024
468848,UEI College-Oceanside,CA,Private for-profit,2024
468893,Paul Mitchell the School-New Orleans,LA,Private for-profit,2024
468909,UEI College-Garden Grove,CA,Private for-profit,2024
468963,New England Tractor Trailer Training School of Massachusetts,MA,Private for-profit,2024
469416,Dewey University-Manati,PR,Private not-for-profit,2024
469610,Allen School-Phoenix,AZ,Private for-profit,2024
469629,Oklahoma Technical College,OK,Private not-for-profit,2024
469911,Unitech Training Academy-Alexandria,LA,Private for-profit,2024
470038,UEI College-Riverside,CA,Private for-profit,2024
470047,WellSpring School of Allied Health-Lawrence,KS,Private for-profit,2024
470296,Manuel and Theresa's School of Hair Design-Victoria,TX,Private for-profit,2024
470393,Tricoci University of Beauty Culture-Chicago NE,IL,Private for-profit,2024
474863,Los Angeles Pacific University,CA,Private not-for-profit,2024
474915,Avalon Institute-Phoenix,AZ,Private for-profit,2024
474924,Avalon Institute-Layton,UT,Private for-profit,2024
475015,Aveda Institute-Des Moines,IA,Private for-profit,2024
475024,Fortis Institute-Lawrenceville,NJ,Private for-profit,2024
475033,Relay Graduate School of Education,NY,Private not-for-profit,2024
475060,Miller-Motte College-Macon,GA,Private for-profit,2024
475121,South University-Savannah Online,GA,Private for-profit,2024
475176,San Joaquin Valley College-Temecula,CA,Private for-profit,2024
475200,Whitworth University-Adult Degree Programs,WA,Private not-for-profit,2024
475228,The Colleges of Law at Santa Barbara,CA,Private not-for-profit,2024
475237,The University of America,CA,Private not-for-profit,2024
475273,"Springfield College-Regional, Online, and Continuing Education",MA,Private not-for-profit,2024
475282,Marian Health Careers Center-Van Nuys Campus,CA,Private for-profit,2024
475325,Milan Institute-Las Vegas,NV,Private for-profit,2024
475398,Catholic International University,WV,Private not-for-profit,2024
475404,New York School of Esthetics & Day Spa,NY,Private for-profit,2024
475422,Finger Lakes Health College of Nursing & Health Sciences,NY,Private not-for-profit,2024
475431,ASI Career Institute,NJ,Private for-profit,2024
475468,Christine Valmy International School of Esthetics & Cosmetology,NJ,Private for-profit,2024
475477,City College-Hollywood,FL,Private for-profit,2024
475486,Paul Mitchell the School-Arlington,TX,Private for-profit,2024
475495,Rocky Mountain University of Health Professions,UT,Private for-profit,2024
475547,Paul Mitchell the School-Fort Myers,FL,Private for-profit,2024
475556,Paul Mitchell the School-Raleigh,NC,Private for-profit,2024
475565,CUNY Stella and Charles Guttman Community College,NY,Public,2024
475574,Lil Lou's Beauty and Barber College,IN,Private for-profit,2024
475608,Criswell College,TX,Private not-for-profit,2024
475653,Reflections Academy of Beauty,IL,Private for-profit,2024
475662,UCAS University of Cosmetology Arts & Sciences-La Joya,TX,Private for-profit,2024
475705,Annenberg School of Nursing,CA,Private not-for-profit,2024
475714,American Medical Academy,FL,Private for-profit,2024
475723,Tooele Technical College,UT,Public,2024
475732,Chamberlain University-Georgia,GA,Private for-profit,2024
475741,Chamberlain University-Indiana,IN,Private for-profit,2024
475839,Sessions College for Professional Design,AZ,Private for-profit,2024
476063,Tulsa Welding School-Jacksonville,FL,Private for-profit,2024
476179,Empire Beauty School-Virginia Beach,VA,Private for-profit,2024
476230,Ross College-Morgantown,WV,Private for-profit,2024
476355,Miami Ad School-New York,NY,Private for-profit,2024
476489,Larry's Barber College,IL,Private for-profit,2024
476498,Futura Career Institute,FL,Private for-profit,2024
476540,Vogue College of Cosmetology-San Antonio Fredericksburg,TX,Private for-profit,2024
476559,Vogue College of Cosmetology,TX,Private for-profit,2024
476568,Tomorrow's Image Barber And Beauty Academy of Virginia,VA,Private for-profit,2024
476595,Medical Allied Career Center,CA,Private for-profit,2024
476601,Bais HaMedrash and Mesivta of Baltimore,MD,Private not-for-profit,2024
476610,Barber & Beauty Institute of New York,NY,Private for-profit,2024
476629,Salon Institute-Toledo Campus,OH,Private for-profit,2024
476683,Athena Career Academy,OH,Private for-profit,2024
476692,Yeshiva Gedolah Zichron Leyma,NJ,Private not-for-profit,2024
476708,The Barber School,UT,Private for-profit,2024
476717,Be'er Yaakov Talmudic Seminary,NY,Private not-for-profit,2024
476726,Rio Grande Valley College,TX,Private for-profit,2024
476735,Alexander Academy,MA,Private for-profit,2024
476753,Aveda Institute-Tucson,AZ,Private for-profit,2024
476780,Diamond Beauty College,CA,Private for-profit,2024
476799,Unitek College,CA,Private for-profit,2024
476805,University Academy of Hair Design,AL,Private for-profit,2024
476814,Florida Institute of Recording Sound and Technology,FL,Private for-profit,2024
476841,Paul Mitchell the School-Reno,NV,Private for-profit,2024
476850,Boise Barber College,ID,Private for-profit,2024
476869,Austin Kade Academy,ID,Private for-profit,2024
476878,Aesthetic Science Institute,NY,Private for-profit,2024
476887,Elaine Sterling Institute,GA,Private for-profit,2024
476896,Wade Gordon Hairdressing Academy,TX,Private for-profit,2024
476902,Mitsu Sato Hair Academy,KS,Private for-profit,2024
476939,FVI School of Nursing and Technology,FL,Private for-profit,2024
476975,Colorado State University Global,CO,Public,2024
476984,Paul Mitchell the School-Overland Park,KS,Private for-profit,2024
476993,Medspa Academies,UT,Private for-profit,2024
477002,Brighton Institute of Cosmetology,MI,Private for-profit,2024
477039,West Coast University-Texas,TX,Private for-profit,2024
477233,Evangel University-James River Assembly of God Church,MO,Private not-for-profit,2024
478582,Empire Beauty School-Savannah,GA,Private for-profit,2024
478591,Ogle School Hair Skin Nails-Denton,TX,Private for-profit,2024
478616,Empire Beauty School-West Greensboro,NC,Private for-profit,2024
478917,Hays Academy of Hair Design,KS,Private for-profit,2024
478953,Bellus Academy,KS,Private for-profit,2024
479062,MotoRing Technical Training Institute,RI,Private for-profit,2024
479424,Unitek College,CA,Private for-profit,2024
479956,Pennsylvania State University-World Campus,PA,Public,2024
479965,MCI Institute of NJ,NJ,Private for-profit,2024
479974,Advance Beauty Techs Academy,CA,Private for-profit,2024
479992,Brand College,CA,Private for-profit,2024
480000,Hinton Barber and Beauty College,CA,Private for-profit,2024
480019,Advanced Career Institute,CA,Private for-profit,2024
480028,Digital Film Academy,NY,Private for-profit,2024
480037,MyComputerCareer at Raleigh,NC,Private for-profit,2024
480073,South University-Austin,TX,Private for-profit,2024
480091,Bryant & Stratton College-Online,NY,Private not-for-profit,2024
480125,Ogle School Hair Skin Nails-San Antonio,TX,Private for-profit,2024
480161,Ideal Beauty Academy,KY,Private for-profit,2024
480198,Warner Pacific University Professional and Graduate Studies,OR,Private not-for-profit,2024
480204,Platt College-Riverside,CA,Private for-profit,2024
480310,Empire Beauty School-Glen Burnie,MD,Private for-profit,2024
480471,UEI College-Stockton,CA,Private for-profit,2024
480523,Ross Medical Education Center-Dayton,OH,Private for-profit,2024
480532,Ross Medical Education Center-Ontario,OH,Private for-profit,2024
480550,Ross Medical Education Center-Bowling Green,KY,Private for-profit,2024
480569,Florida Institute of Technology-Online,FL,Private not-for-profit,2024
480657,Rasmussen University-Kansas,KS,Private for-profit,2024
480727,School of Missionary Aviation Technology,MI,Private not-for-profit,2024
480781,California Miramar University,CA,Private for-profit,2024
480790,Rocky Vista University,CO,Private for-profit,2024
480824,The College of Health Care Professions-Dallas,TX,Private for-profit,2024
480833,The College of Health Care Professions-Fort Worth,TX,Private for-profit,2024
480842,Shear Finesse Beauty Academy,FL,Private for-profit,2024
480851,Miami Media School,FL,Private for-profit,2024
480879,Academy of Salon Professionals,MO,Private for-profit,2024
480888,CyberTex Institute of Technology,TX,Private for-profit,2024
480903,New England Tractor Trailer Training School of CT-Bridgeport,CT,Private for-profit,2024
480921,Designer Barber & Stylist School,AR,Private for-profit,2024
480930,Paul Mitchell the School-Woodbridge,VA,Private for-profit,2024
480967,College of the Muscogee Nation,OK,Public,2024
480976,The Salon Professional Academy-Huntsville,AL,Private for-profit,2024
480985,Midwives College of Utah,UT,Private not-for-profit,2024
480994,Aspen Beauty Academy of Laurel,MD,Private for-profit,2024
481003,M T Training Center,TX,Private for-profit,2024
481021,Berks Career & Technology Center,PA,Public,2024
481030,Future Generations University,WV,Private not-for-profit,2024
481049,Carthage R9 School District-Carthage Technical Center,MO,Public,2024
481058,Grace Mission University,CA,Private not-for-profit,2024
481067,World A Cuts Barber Institute,PA,Private for-profit,2024
481085,Verve College,IL,Private for-profit,2024
481094,Sotheby's Institute of Art-NY,NY,Private for-profit,2024
481100,Top Nails & Hair Beauty School,UT,Private for-profit,2024
481128,Santa Ana Beauty College,CA,Private for-profit,2024
481137,Shepherds College,WI,Private not-for-profit,2024
481146,Woodruff Medical and Wellness Training,GA,Private for-profit,2024
481155,Helms College,GA,Private not-for-profit,2024
481182,Ukiah Adult School,CA,Public,2024
481191,Riverside County Office of Education-School of Career Education,CA,Public,2024
481207,Institute of Health Sciences,MD,Private for-profit,2024
481225,Mid-South Christian College,TN,Private not-for-profit,2024
481243,New York Institute of Beauty,NY,Private for-profit,2024
481252,Ultrasound Medical Institute,FL,Private for-profit,2024
481289,Xavier College School of Nursing,CA,Private for-profit,2024
481298,Lawrence & Company College of Cosmetology,CA,Private for-profit,2024
481313,Kaizen Beauty Academy,FL,Private for-profit,2024
481331,Sharp Edgez Barber Institute,NY,Private for-profit,2024
481340,The Salon Professional Academy-Nashville,TN,Private for-profit,2024
481368,Prestige Health & Beauty Sciences Academy,FL,Private for-profit,2024
481386,California Career Institute,CA,Private for-profit,2024
481401,Grace School of Theology,TX,Private not-for-profit,2024
481410,Yeshiva Gedolah Kesser Torah,NY,Private not-for-profit,2024
481429,Universal Training Institute,NJ,Private for-profit,2024
481438,Yeshiva Yesodei Hatorah,NJ,Private not-for-profit,2024
481447,Center for the Healing Arts,NJ,Private for-profit,2024
481456,Bonnie Joseph Academy of Cosmetology & Barbering,UT,Private for-profit,2024
481465,Healthcare Training Institute,LA,Private for-profit,2024
481474,J D Academy of Salon and Spa,CA,Private for-profit,2024
481483,Boca Beauty Academy,FL,Private for-profit,2024
481517,SPBK Enterprises Inc,MO,Private for-profit,2024
481526,The Chrysm Institute of Esthetics,VA,Private for-profit,2024
481535,Sanford Burnham Prebys Medical Discovery Institute,CA,Private not-for-profit,2024
481571,Belle Academy of Cosmetology LLC,CT,Private for-profit,2024
481678,Empire Beauty School-Augusta,GA,Private for-profit,2024
481720,South University-High Point,NC,Private for-profit,2024
481739,Empire Beauty School-Vernon Hills,IL,Private for-profit,2024
481748,Empire Beauty School-Stone Park,IL,Private for-profit,2024
481775,San Joaquin Valley College-Lancaster,CA,Private for-profit,2024
481845,Empire Beauty School-Rochester,NY,Private for-profit,2024
481863,Ross Medical Education Center-Kokomo,IN,Private for-profit,2024
481890,Ross Medical Education Center-Erlanger,KY,Private for-profit,2024
481906,Ross Medical Education Center-Charleston,WV,Private for-profit,2024
481960,InterCoast Colleges-Fairfield,CA,Private for-profit,2024
482015,Southern Careers Institute-San Antonio,TX,Private for-profit,2024
482060,Milan Institute-Merced,CA,Private for-profit,2024
482097,Midwest Technical Institute-Missouri,MO,Private for-profit,2024
482149,Augusta University,GA,Public,2024
482158,Middle Georgia State University,GA,Public,2024
482167,Trenz Beauty Academy,IL,Private for-profit,2024
482176,Paul Mitchell the School-Denver,CO,Private for-profit,2024
482185,Academy of Interactive Entertainment,WA,Private not-for-profit,2024
482194,Arrojo Cosmetology School,NY,Private for-profit,2024
482200,Cosmetology Academy of Texarkana,TX,Private for-profit,2024
482228,Veritas Baptist College,IN,Private not-for-profit,2024
482246,Lynnes Welding Training,ND,Private for-profit,2024
482255,Aviation Institute of Maintenance-Las Vegas,NV,Private for-profit,2024
482291,UEI College-Bakersfield,CA,Private for-profit,2024
482413,DeVry College of New York,NY,Private for-profit,2024
482422,DeVry University-Arizona,AZ,Private for-profit,2024
482431,DeVry University-California,CA,Private for-profit,2024
482459,DeVry University-Florida,FL,Private for-profit,2024
482468,DeVry University-Georgia,GA,Private for-profit,2024
482477,DeVry University-Illinois,IL,Private for-profit,2024
482547,DeVry University-Nevada,NV,Private for-profit,2024
482556,DeVry University-New Jersey,NJ,Private for-profit,2024
482574,DeVry University-Ohio,OH,Private for-profit,2024
482635,DeVry University-Texas,TX,Private for-profit,2024
482653,DeVry University-Virginia,VA,Private for-profit,2024
482680,University of North Georgia,GA,Public,2024
482699,South Georgia State College,GA,Public,2024
482705,Northeastern University Professional Programs,MA,Private not-for-profit,2024
482936,Florida Polytechnic University,FL,Public,2024
482963,American Institute-Toms River,NJ,Private for-profit,2024
482981,Alamo City Barber College,TX,Private for-profit,2024
482990,Arizona College-Mesa,AZ,Private for-profit,2024
483009,American College of Healthcare and Technology,CA,Private for-profit,2024
483018,Antioch College,OH,Private not-for-profit,2024
483036,Texas A&M University-Central Texas,TX,Public,2024
483045,Central Georgia Technical College,GA,Public,2024
483054,Barber School of Pittsburgh,PA,Private for-profit,2024
483106,Innovate Salon Academy,NJ,Private for-profit,2024
483124,Arizona State University Digital Immersion,AZ,Public,2024
483212,Louisiana Delta Community College,LA,Public,2024
483221,Learnet Academy Inc,CA,Private for-profit,2024
483230,The Fab School,CA,Private for-profit,2024
483258,Networks Barber College,IL,Private for-profit,2024
483276,JB's Hair Design and Barber College,OK,Private for-profit,2024
483328,Paul Mitchell the School-Lombard,IL,Private for-profit,2024
483337,Paul Mitchell the School-Greenville,SC,Private for-profit,2024
483346,Barber and Beauty Academy of Pennsylvania,PA,Private for-profit,2024
483355,Delta College of Arts & Technology-Lafayette Campus,LA,Private for-profit,2024
483364,Delta College-Slidell Campus,LA,Private for-profit,2024
483373,Integrity College of Health,CA,Private for-profit,2024
483382,Electrical and HVAC/R Training Center,NY,Private for-profit,2024
483425,Alexander Paul Institute of Hair Design,NC,Private for-profit,2024
483470,More Tech Institute,FL,Private for-profit,2024
483504,Dorsey College-Dearborn,MI,Private for-profit,2024
483513,Neecee's Barber College,TX,Private for-profit,2024
483559,Bella Cosmetology and Barber College,TX,Private for-profit,2024
483577,Franklin Hair Academy School of Cosmetology,TN,Private for-profit,2024
483595,Ana G. Mendez University,FL,Private not-for-profit,2024
483647,Ohio Institute of Allied Health,OH,Private not-for-profit,2024
483708,Access Careers,NY,Private for-profit,2024
483726,Luckes Beauty Academy LLC,VA,Private for-profit,2024
483735,Total Transformation Institute of Cosmetology,TX,Private for-profit,2024
483744,Vibe Barber College,TN,Private for-profit,2024
483753,Champ's Barber School,PA,Private for-profit,2024
483780,Washington University of Science and Technology,VA,Private for-profit,2024
483799,East-West Healing Arts Institute,WI,Private for-profit,2024
483814,Standard Healthcare Services-College of Nursing,VA,Private for-profit,2024
483823,Philadelphia Technician Training,PA,Private not-for-profit,2024
483841,Grace International Beauty School,NY,Private for-profit,2024
483850,Alliance Computing Solutions,NY,Private for-profit,2024
483869,InterAmerican Technical Institute,FL,Private for-profit,2024
483878,Bay Area Medical Academy,CA,Private for-profit,2024
483887,Mind Body Institute,TN,Private for-profit,2024
483896,Parisian Spa Institute,FL,Private for-profit,2024
483911,Creative Touch Cosmetology School,IL,Private for-profit,2024
483920,LaBarberia Institute of Hair,OH,Private for-profit,2024
483948,Bos-Man's Barber College,LA,Private for-profit,2024
483957,Lawrence & Company College of Cosmetology,CA,Private for-profit,2024
483975,Alabama College of Osteopathic Medicine,AL,Private not-for-profit,2024
484002,High Desert Medical College,CA,Private for-profit,2024
484011,Paul Mitchell the School-Schenectady,NY,Private for-profit,2024
484020,Beyond Measure Barbering Institute,NC,Private for-profit,2024
484048,Barber Institute of Texas,TX,Private for-profit,2024
484057,Jupiter Beauty Academy,MA,Private for-profit,2024
484066,MedQuest College,KY,Private for-profit,2024
484075,First Coast Barber Academy,FL,Private for-profit,2024
484084,Debutantes School of Cosmetology and Nail Technology,IL,Private for-profit,2024
484093,Paul Mitchell the School-Farmington Hills,MI,Private for-profit,2024
484109,Paul Mitchell the School-Merrillville,IN,Private for-profit,2024
484127,TIGI Hairdressing Academy Newtown,CT,Private for-profit,2024
484136,Yahweh Beauty Academy,TX,Private for-profit,2024
484163,Arizona School of Integrative Studies,AZ,Private for-profit,2024
484172,Lee Professional Institute,FL,Private for-profit,2024
484190,Park Place Premier Barber School,LA,Private for-profit,2024
484206,The Salon Professional Academy-San Jose,CA,Private for-profit,2024
484233,Tri-Community Adult Education,CA,Public,2024
484330,Ross Medical Education Center-Owensboro,KY,Private for-profit,2024
484349,Ross Medical Education Center-Evansville,IN,Private for-profit,2024
484358,Ross Medical Education Center-Johnson City,TN,Private for-profit,2024
484367,North-West College-Anaheim,CA,Private for-profit,2024
484376,North-West College-Long Beach,CA,Private for-profit,2024
484394,Taylor Andrews Academy of Hair Design-Provo,UT,Private for-profit,2024
484473,University of Florida-Online,FL,Public,2024
484604,Ogle School Hair Skin Nails-Stafford,TX,Private for-profit,2024
484613,University of Phoenix-Arizona,AZ,Private for-profit,2024
484631,University of Phoenix-California,CA,Private for-profit,2024
484710,University of Phoenix-Nevada,NV,Private for-profit,2024
484756,University of Phoenix-Texas,TX,Private for-profit,2024
484844,Minerva University,CA,Private not-for-profit,2024
484862,University of West Los Angeles,CA,Private for-profit,2024
484871,Rabbinical College Ohr Yisroel,NY,Private not-for-profit,2024
484899,Aveda Institute-Phoenix,AZ,Private for-profit,2024
484905,University of North Texas at Dallas,TX,Public,2024
484923,Dermal Science International Aesthetics and Nail Academy,VA,Private for-profit,2024
484932,BridgeValley Community & Technical College,WV,Public,2024
484950,Northwest College-Medford,OR,Private for-profit,2024
484996,Houston Training Schools-Gessner,TX,Private for-profit,2024
485014,Empire Beauty School-Buffalo,NY,Private for-profit,2024
485032,Paul Mitchell the School-Toledo,OH,Private for-profit,2024
485111,Georgia Military College,GA,Public,2024
485166,Beau Monde Academy of Barbering and Cosmetology,OR,Private for-profit,2024
485236,Fountain of Youth Academy of Cosmetology,PA,Private for-profit,2024
485272,West Coast University-Miami,FL,Private for-profit,2024
485342,Aparicio-Levy Technical College,FL,Public,2024
485360,The Vocational Nursing Institute Inc,TX,Private not-for-profit,2024
485379,Hollywood Institute of Beauty Careers-West Palm Beach,FL,Private for-profit,2024
485388,Hollywood Institute of Beauty Careers-Casselberry,FL,Private for-profit,2024
485397,Empire Beauty School-Cheltenham,PA,Private for-profit,2024
485403,High Tech High Graduate School of Education,CA,Private not-for-profit,2024
485412,Coachella Valley Beauty College-Hemet,CA,Private for-profit,2024
485458,Coastal Pines Technical College,GA,Public,2024
485467,Carrington College-Administrative Office,CA,Private for-profit,2024
485476,Studio Beauty School,WA,Private for-profit,2024
485485,Latin Beauty Academy,FL,Private for-profit,2024
485494,Associated Barber College of San Diego,CA,Private for-profit,2024
485500,ABCO Technology,CA,Private for-profit,2024
485519,Lionel University,CA,Private for-profit,2024
485546,California Intercontinental University,SD,Private for-profit,2024
485564,Infinity College,LA,Private for-profit,2024
485573,Universal Healthcare Careers College,CA,Private for-profit,2024
485591,New Beginnings Beauty Academy,AR,Private for-profit,2024
485607,Dolce The Academy,CT,Private for-profit,2024
485698,American College of the Building Arts,SC,Private not-for-profit,2024
485704,River Valley School of Massage,AR,Private for-profit,2024
485768,Atlantis University,FL,Private for-profit,2024
485801,Westchester School for Medical & Dental Assistants,NY,Private for-profit,2024
485856,Studio Incamminati,PA,Private not-for-profit,2024
485874,Salon Boutique Academy,TX,Private for-profit,2024
485926,GA Beauty & Barber School,TX,Private for-profit,2024
485953,The Recording Conservatory of Austin,TX,Private for-profit,2024
485962,VH Barber & Styling Academy,LA,Private for-profit,2024
485999,Bet Medrash Gadol Ateret Torah,NY,Private not-for-profit,2024
486017,Yeshiva Ohr Yisrael,NY,Private not-for-profit,2024
486026,Yeshiva Sholom Shachna,NY,Private not-for-profit,2024
486053,Bethlehem College & Seminary,MN,Private not-for-profit,2024
486080,Elmezzi Graduate School of Molecular Medicine,NY,Private not-for-profit,2024
486123,Theatre of Arts,CA,Private for-profit,2024
486141,Westchester College of Nursing & Allied Health,CA,Private for-profit,2024
486150,Treasure Coast Technical College,FL,Public,2024
486169,American College of Barbering,KY,Private for-profit,2024
486196,Beth Medrash Meor Yitzchok,NY,Private not-for-profit,2024
486202,Mingo Extended Learning Center,WV,Public,2024
486239,San Ignacio University,FL,Private for-profit,2024
486248,ZMS The Academy,CA,Private for-profit,2024
486257,Valor Christian College,OH,Private not-for-profit,2024
486284,Bethany Global University,MN,Private not-for-profit,2024
486345,HVAC Technical Institute,IL,Private for-profit,2024
486354,United International College,FL,Private for-profit,2024
486372,San Francisco Film School,CA,Private for-profit,2024
486381,Center for Ultrasound Research & Education,NY,Private for-profit,2024
486390,Culinary Tech Center,NY,Private for-profit,2024
486406,Randolph Technical Center,WV,Public,2024
486415,AMG School of Nursing,NY,Private for-profit,2024
486424,Saint Michael College of Allied Health,DC,Private for-profit,2024
486433,Presidio Graduate School,CA,Private not-for-profit,2024
486442,Sandra Academy of Salon Services,TN,Private for-profit,2024
486488,California Jazz Conservatory,CA,Private not-for-profit,2024
486497,California Barber and Beauty College,CA,Private for-profit,2024
486503,Laredo CHI Academy Beauty School,TX,Private for-profit,2024
486512,Florida International Training Institute,FL,Private for-profit,2024
486530,Gould's Academy,TN,Private for-profit,2024
486558,Aviation Institute of Maintenance-Fremont,CA,Private for-profit,2024
486567,Paul Mitchell the School-Tulsa,OK,Private for-profit,2024
486576,PPG Technical College,PR,Private for-profit,2024
486619,Academy of Professional Cosmetology,AR,Private for-profit,2024
486691,Empire Beauty School-Northlake,GA,Private for-profit,2024
486707,Ross Medical Education Center-Huntsville,AL,Private for-profit,2024
486716,Ross Medical Education Center-Knoxville,TN,Private for-profit,2024
486752,Ross Medical Education Center-Muncie,IN,Private for-profit,2024
486770,Cortiva Institute-Arlington,TX,Private for-profit,2024
486798,Tulsa Welding School-Houston,TX,Private for-profit,2024
486813,Pima Medical Institute-El Paso,TX,Private for-profit,2024
486822,Pima Medical Institute-Phoenix,AZ,Private for-profit,2024
486840,Kennesaw State University,GA,Public,2024
486859,Entourage Institute of Beauty and Esthetics,NE,Private for-profit,2024
486877,Eastern Suffolk BOCES,NY,Public,2024
486886,Eastern Suffolk BOCES,NY,Public,2024
486901,Milligan University,TN,Private not-for-profit,2024
486938,Chamberlain University-Nevada,NV,Private for-profit,2024
486947,Chamberlain University-Michigan,MI,Private for-profit,2024
486956,Chamberlain University-New Jersey,NJ,Private for-profit,2024
486983,Paul Mitchell the School-Madison,WI,Private for-profit,2024
487010,The University of Tennessee Health Science Center,TN,Public,2024
487047,Unitech Training Academy-New Orleans,LA,Private for-profit,2024
487065,Wade Gordon Hairdressing Academy-Lubbock,TX,Private for-profit,2024
487083,Protege Academy,MI,Private for-profit,2024
487092,Emory University-Oxford College,GA,Private not-for-profit,2024
487153,The Chicago School at Xavier University of Louisiana,LA,Private not-for-profit,2024
487162,Southern Regional Technical College,GA,Public,2024
487232,Texas College of Cosmetology-Lubbock,TX,Private for-profit,2024
487302,Fortis College-Cuyahoga Falls,OH,Private for-profit,2024
487311,Jones Technical Institute,FL,Private not-for-profit,2024
487320,Texas State Technical College,TX,Public,2024
487348,Aveda Institute Portland-Vancouver Campus,WA,Private for-profit,2024
487375,Arizona College of Nursing-Las Vegas,NV,Private for-profit,2024
487384,Florida Career College-Pembroke Pines,FL,Private for-profit,2024
487393,Florida Career College-West Palm Beach,FL,Private for-profit,2024
487409,Florida Career College-Hialeah,FL,Private for-profit,2024
487418,Florida Career College-Lauderdale Lakes,FL,Private for-profit,2024
487436,Florida Career College-Jacksonville,FL,Private for-profit,2024
487445,Florida Career College-Boynton Beach,FL,Private for-profit,2024
487454,Florida Career College-Margate,FL,Private for-profit,2024
487472,Florida Career College-Orlando,FL,Private for-profit,2024
487481,UEI College-Phoenix,AZ,Private for-profit,2024
487490,Florida Career College-Houston,TX,Private for-profit,2024
487506,Aveda Institute-Madison,WI,Private for-profit,2024
487524,Husson University,ME,Private not-for-profit,2024
487533,Tricoci University of Beauty Culture-Elgin,IL,Private for-profit,2024
487588,Concorde Career College-Southaven,MS,Private for-profit,2024
487597,Universal Technical Institute-Southern California,CA,Private for-profit,2024
487603,Northwest University-Center for Online and Extended Education,WA,Private not-for-profit,2024
487621,Celebrity Barber School,LA,Private for-profit,2024
487649,California Institute of Advanced Management,CA,Private not-for-profit,2024
487658,Academy of Interactive Entertainment,LA,Private not-for-profit,2024
487676,The Temple Annapolis-A Paul Mitchell Partner School,MD,Private for-profit,2024
487746,Yeshiva Zichron Aryeh,NY,Private not-for-profit,2024
487773,Butte County Regional Occupational Program,CA,Public,2024
487791,Arclabs,SC,Private for-profit,2024
487807,Top of the Line Barber College,SC,Private for-profit,2024
487816,Midfield Institute of Cosmetology,AL,Private not-for-profit,2024
487852,American Institute of Alternative Medicine,NJ,Private for-profit,2024
487861,Felbry College,OH,Private for-profit,2024
487889,Regional Center for Border Health,AZ,Private not-for-profit,2024
487904,Kentucky Horseshoeing School,KY,Private for-profit,2024
487922,Image Maker Beauty Institute,TN,Private for-profit,2024
487959,Dalton Institute of Esthetics and Cosmetology,GA,Private for-profit,2024
487968,CAAN Academy of Nursing,IL,Private not-for-profit,2024
487977,Martinsburg College,WV,Private for-profit,2024
487995,Alhambra Medical University,CA,Private for-profit,2024
488004,Central Yeshiva Beth Joseph,NY,Private not-for-profit,2024
488013,Garden State Science and Technology Institute,NJ,Private for-profit,2024
488022,Barber Tech Academy,SC,Private for-profit,2024
488031,Abraham Lincoln University,CA,Private for-profit,2024
488059,Med College,FL,Private for-profit,2024
488077,Sonoran Desert Institute,AZ,Private for-profit,2024
488110,Natural Images Beauty College,TX,Private for-profit,2024
488129,Textures Institute of Cosmetology,IN,Private for-profit,2024
488138,Williams Technical College,LA,Private for-profit,2024
488147,PiBerry Institute,FL,Private for-profit,2024
488174,Ea La Mar's Cosmetology & Barber College,MO,Private for-profit,2024
488183,Regina Webb Academy,KY,Private for-profit,2024
488192,DeHart Technical School,CA,Private for-profit,2024
488217,Medical Career & Technical College,KY,Private for-profit,2024
488226,Center for Neurosomatic Studies,FL,Private for-profit,2024
488253,Focus Personal Training Institute,NY,Private for-profit,2024
488262,Hair Academy School of Barbering & Beauty,DE,Private for-profit,2024
488271,Fosbre Academy of Hair Design,WA,Private for-profit,2024
488280,National Personal Training Institute,FL,Private for-profit,2024
488299,Mission Beauty Institute,TX,Private for-profit,2024
488305,Elim Bible Institute and College,NY,Private not-for-profit,2024
488314,Beth Medrash of Asbury Park,NJ,Private not-for-profit,2024
488332,Hope College of Arts and Sciences,FL,Private for-profit,2024
488350,Yeshiva Gedolah Shaarei Shmuel,NJ,Private not-for-profit,2024
488369,Premier Barber Institute,PA,Private for-profit,2024
488378,International Beauty Education Center,WA,Private for-profit,2024
488387,Claremont Lincoln University,CA,Private not-for-profit,2024
488396,Phipps Academy of Barbering,IL,Private for-profit,2024
488411,Hoss Lee Academy,CA,Private for-profit,2024
488420,Indiana Wellness College,IN,Private for-profit,2024
488439,Kenny's Academy of Barbering,IN,Private for-profit,2024
488448,Seattle Film Institute,WA,Private for-profit,2024
488527,Arkansas Colleges of Health Education,AR,Private not-for-profit,2024
488554,Burrell College of Osteopathic Medicine,NM,Private for-profit,2024
488563,California College of Music,CA,Private for-profit,2024
488572,California Health Sciences University,CA,Private for-profit,2024
488590,Christian Culinary Academy,OR,Private not-for-profit,2024
488651,Glitz School of Cosmetology,NM,Private for-profit,2024
488679,Indiana Wesleyan University-National & Global,IN,Private not-for-profit,2024
488721,NationsUniversity,LA,Private not-for-profit,2024
488730,Northeast Lakeview College,TX,Public,2024
488749,Paul Mitchell the School-Jessup,MD,Private for-profit,2024
488776,John Patrick University of Health and Applied Sciences,IN,Private for-profit,2024
488785,University of Saint Katherine,CA,Private not-for-profit,2024
488800,Teachers College of San Joaquin,CA,Public,2024
488837,U.S. Truck Driver Training School,MI,Private for-profit,2024
488846,University of the People,CA,Private not-for-profit,2024
488891,South Dade Technical College-South Dade Skills Center Campus,FL,Public,2024
488907,Wongu University of Oriental Medicine,NV,Private not-for-profit,2024
488916,Alabama School of Nail Technology & Cosmetology,AL,Private for-profit,2024
488934,Tulsa Technology Center,OK,Public,2024
488952,Ross Medical Education Center-Elyria,OH,Private for-profit,2024
488961,Ross Medical Education Center-Lafayette,IN,Private for-profit,2024
488970,Ross Medical Education Center-Midland,MI,Private for-profit,2024
488989,Paul Mitchell the School-Clear Lake,TX,Private for-profit,2024
488998,Paul Mitchell the School-Nampa,ID,Private for-profit,2024
489122,Academy of Beauty Professionals,WI,Private for-profit,2024
489131,Academy of Beauty Professionals,WI,Private for-profit,2024
489140,Academy of Beauty Professionals,WI,Private for-profit,2024
489159,Kenneth Shuler School of Cosmetology-Goose Creek,SC,Private for-profit,2024
489201,Clovis Community College,CA,Public,2024
489238,Boca Beauty Academy-Parkland,FL,Private for-profit,2024
489247,American Beauty Academy-West Valley Campus,UT,Private for-profit,2024
489256,Caribbean Aviation Training Institute Inc,PR,Private for-profit,2024
489283,The College of Health Care Professions-McAllen Campus,TX,Private for-profit,2024
489335,Institute of Buddhist Studies,CA,Private not-for-profit,2024
489344,Chamberlain University-North Carolina,NC,Private for-profit,2024
489353,Chamberlain University-California,CA,Private for-profit,2024
489371,Spartan College of Aeronautics and Technology,CA,Private for-profit,2024
489779,Purdue University Global,IN,Public,2024
489812,Pima Medical Institute-Dillon,MT,Private for-profit,2024
489830,Arthur's Beauty College,AR,Private for-profit,2024
489858,West Coast University-Center for Graduate Studies,CA,Private for-profit,2024
489937,Carolina University,NC,Private not-for-profit,2024
490018,National Personal Training Institute-Tampa,FL,Private for-profit,2024
490045,Presbyterian Theological Seminary in America,CA,Private not-for-profit,2024
490054,HCI College,FL,Private for-profit,2024
490081,America Evangelical University,CA,Private not-for-profit,2024
490090,Gadsden Technical College,FL,Public,2024
490106,Virginia University of Integrative Medicine,VA,Private not-for-profit,2024
490115,Nashville Film Institute,TN,Private for-profit,2024
490124,Los Angeles Academy of Figurative Art,CA,Private for-profit,2024
490133,Westcliff University,CA,Private for-profit,2024
490142,World Class Academy of Beauty Careers,FL,Private for-profit,2024
490151,Allied Health Careers Institute,TN,Private for-profit,2024
490160,Sacramento Ultrasound Institute,CA,Private for-profit,2024
490197,Regan Career Institute,CA,Private for-profit,2024
490203,Bolivar Technical College,MO,Private not-for-profit,2024
490221,MAK Beauty Institute,GA,Private for-profit,2024
490230,Reformed University,GA,Private not-for-profit,2024
490249,Mobile Technical Training,NJ,Private for-profit,2024
490258,American Barber and Beauty Academy,PA,Private for-profit,2024
490267,Master's Barber & Styling College,TN,Private for-profit,2024
490276,Yeshiva Shaar Ephraim,NY,Private not-for-profit,2024
490285,California Institute of Arts & Technology,CA,Private for-profit,2024
490294,"Elite Cosmetology, Barber & Spa Academy",WA,Private for-profit,2024
490300,Cutting Edge Academy,NJ,Private for-profit,2024
490319,Yeshiva Bais Aharon,NJ,Private not-for-profit,2024
490328,Mechon L'hoyroa,NY,Private not-for-profit,2024
490346,Elyon College,NY,Private not-for-profit,2024
490373,Western Michigan University Homer Stryker M.D. School of Medicine,MI,Private not-for-profit,2024
490382,Harmony Health Care Institute,NH,Private for-profit,2024
490391,American Beauty and Trade School,FL,Private for-profit,2024
490407,Hogan Institute of Cosmetology and Esthetics,GA,Private for-profit,2024
490416,J's Barber College,LA,Private for-profit,2024
490425,Ann Webb Skin Institute,TX,Private for-profit,2024
490434,Apex Academy Hair Skin Nails School of Cosmetology,OH,Private for-profit,2024
490443,The Esthetic Institute,VA,Private for-profit,2024
490470,Massage Institute of Memphis,TN,Private for-profit,2024
490489,Metro Detroit Barber College,MI,Private not-for-profit,2024
490498,Digital Media Institute,LA,Private not-for-profit,2024
490504,Yeshiva Ohr Naftoli,NY,Private not-for-profit,2024
490513,Bais Medrash Mayan Hatorah,NJ,Private not-for-profit,2024
490522,Allgood Beauty Institute,TX,Private for-profit,2024
490531,Ray J's College of Hair,LA,Private for-profit,2024
490674,Manuel and Theresa's School of Hair Design,TX,Private for-profit,2024
490692,Cincinnati School of Barbering & Hair Design,OH,Private for-profit,2024
490717,L Makeup Institute,NV,Private for-profit,2024
490735,Peloton College,TX,Private for-profit,2024
490744,Northern Technical College,AR,Private for-profit,2024
490753,Maine Media College,ME,Private not-for-profit,2024
490805,Purdue University Northwest,IN,Public,2024
490814,Ross Medical Education Center-Portage,MI,Private for-profit,2024
490832,Ross College-Canton,OH,Private for-profit,2024
490841,Ross College-Grand Rapids North,MI,Private for-profit,2024
490869,American Institute-Somerset,NJ,Private for-profit,2024
490878,Platt College-Anaheim,CA,Private for-profit,2024
490896,Advantage Career Institute,NJ,Private for-profit,2024
490948,Bull City Durham Beauty and Barber College,NC,Private for-profit,2024
490975,Fortis College-Cutler Bay,FL,Private for-profit,2024
491057,Yeshiva Kollel Tifereth Elizer,NY,Private not-for-profit,2024
491066,Strand Institute of Beauty & Esthetics,TX,Private for-profit,2024
491075,Arkansas Welding Academy,AR,Private for-profit,2024
491084,Unitech Training Academy-Baton Rouge,LA,Private for-profit,2024
491136,Empire Beauty School-Tampa,FL,Private for-profit,2024
491145,Empire Beauty School-Lakeland,FL,Private for-profit,2024
491181,Galen College of Nursing-ARH,KY,Private for-profit,2024
491190,The Chicago School at San Diego,CA,Private not-for-profit,2024
491215,Commercial Divers International,AZ,Private for-profit,2024
491224,Tricoci University of Beauty Culture-Janesville,WI,Private for-profit,2024
491233,Unlimited Cosmetology School,MS,Private for-profit,2024
491242,Johnny Matthew's Hairdressing Training School,OR,Private for-profit,2024
491251,The Culinary School of Fort Worth,TX,Private for-profit,2024
491260,Centralia Beauty College,WA,Private for-profit,2024
491288,University of Wisconsin-Milwaukee Flex,WI,Public,2024
491297,University of Wisconsin-Parkside Flex,WI,Public,2024
491394,Miller-Motte College-STVT-Arlington,TX,Private for-profit,2024
491446,Bnos Zion Of Bobov Seminary,NY,Private not-for-profit,2024
491464,ABC Adult School,CA,Public,2024
491473,Polytech Adult Education,DE,Public,2024
491507,California Institute of Medical Science,CA,Private for-profit,2024
491525,Union Bible College,IN,Private not-for-profit,2024
491534,Pets Playground Grooming School,FL,Private for-profit,2024
491543,San Bernardino Beauty College,CA,Private for-profit,2024
491552,Christina and Company Education Center,IN,Private for-profit,2024
491570,Institute of Medical Ultrasound,GA,Private for-profit,2024
491589,Mystros Barber Academy,TX,Private not-for-profit,2024
491598,European Medical School of Massage,PA,Private for-profit,2024
491613,Yeshiva Gedolah Tiferes Boruch,NJ,Private not-for-profit,2024
491622,Yeshiva Chemdas Hatorah,NJ,Private not-for-profit,2024
491631,Women's Institute of Torah Seminary and College,MD,Private not-for-profit,2024
491640,Yeshiva Gedolah Keren Hatorah,NJ,Private not-for-profit,2024
491659,ICOHS College,CA,Private not-for-profit,2024
491668,Neo-Esthetique European Institute,PR,Private for-profit,2024
491677,Lehigh Valley Barber School,PA,Private for-profit,2024
491686,International Barber College,AZ,Private for-profit,2024
491695,Brown Beauty Barber School,AL,Private for-profit,2024
491701,Rexburg College of Massage Therapy,ID,Private for-profit,2024
491710,Yeshiva Gedolah of Cliffwood,NJ,Private not-for-profit,2024
491729,Goshen School of Cosmetology,MS,Private for-profit,2024
491738,IBS School of Cosmetology and Massage,HI,Private for-profit,2024
491747,UR Beauty & Barber Academy,FL,Private for-profit,2024
491756,Urban Barber College,CA,Private for-profit,2024
491765,Yeshivas Emek Hatorah,NJ,Private not-for-profit,2024
491774,Transitions Career Institute School of Nursing,NY,Private for-profit,2024
491783,Wilton Simpson Technical College,FL,Public,2024
491792,Stacey James Institute,CO,Private for-profit,2024
491808,Meridian University,CA,Private for-profit,2024
491817,Seminary Bnos Chaim,NJ,Private not-for-profit,2024
491826,"Avenue Academy, A Cosmetology Institute",NM,Private for-profit,2024
491835,Salon Professional Academy of San Antonio,TX,Private for-profit,2024
491844,Red Lake Nation College,MN,Public,2024
491853,Princess Institute of Beauty,CA,Private for-profit,2024
491871,Vogue International Academy,TX,Private for-profit,2024
491880,Independent Training & Apprenticeship Program,CA,Private for-profit,2024
491899,Victory Career College,CA,Private for-profit,2024
491905,Winonah's International School of Cosmetology,AL,Private for-profit,2024
491914,Yeshiva Gedola Tiferes Yerachmiel,NJ,Private not-for-profit,2024
491923,Southeastern Esthetics Institute,SC,Private for-profit,2024
491932,Installer Institute,FL,Private for-profit,2024
491941,Caris College,IN,Private for-profit,2024
491950,Contra Costa Medical Career College,CA,Private for-profit,2024
491978,Another Level Barbering and Cosmetology School,VA,Private for-profit,2024
491996,The Salon Professional Academy-Georgetown,TX,Private for-profit,2024
492005,Elite Academy of Hair Design,OH,Private for-profit,2024
492023,Americare Technical School,IL,Private for-profit,2024
492069,Champion Christian College,AR,Private not-for-profit,2024
492078,Chicago Professional Center,IL,Private for-profit,2024
492096,D&S School of Cosmetology,MI,Private for-profit,2024
492139,DSDT,MI,Private for-profit,2024
492148,Elite Beauty College,OK,Private for-profit,2024
492209,Reiss-Davis Graduate School,CA,Private not-for-profit,2024
492263,The University of Tennessee System Office,TN,Public,2024
492281,GoodFellas Barber College,AR,Private for-profit,2024
492306,Escondido Adult School,CA,Public,2024
492315,Poway Adult School,CA,Public,2024
492324,Vista Adult School,CA,Public,2024
492360,The Salon Professional Academy-Delray Beach,FL,Private for-profit,2024
492421,No Grease Barber School,NC,Private for-profit,2024
492449,Pima Medical Institute-San Marcos,CA,Private for-profit,2024
492476,EDP University of Puerto Rico-Villalba,PR,Private not-for-profit,2024
492607,The Chicago School at Dallas,TX,Private not-for-profit,2024
492643,American Massage & Bodywork Institute,VA,Private for-profit,2024
492652,KCK Beauty & Barber Academy,FL,Private for-profit,2024
492661,California College of Barbering and Cosmetology,CA,Private for-profit,2024
492689,Texas Tech University Health Sciences Center-El Paso,TX,Public,2024
492704,Ponce Health Sciences University-Centro Universitario de San Juan,PR,Private for-profit,2024
492722,The College of Health Care Professions-South San Antonio,TX,Private for-profit,2024
492731,Innovate Salon Academy,NJ,Private for-profit,2024
492759,Chamberlain University-Louisiana,LA,Private for-profit,2024
492801,Drury University-College of Continuing Professional Studies,MO,Private not-for-profit,2024
492935,Global Medical & Technical Training Institute,FL,Private for-profit,2024
492953,Salon Success Academy-West Covina,CA,Private for-profit,2024
492962,Indiana Institute of Technology-College of Professional Studies,IN,Private not-for-profit,2024
493071,Advantage Technical College,PR,Private for-profit,2024
493080,Institute of Culinary Education,CA,Private for-profit,2024
493132,Universal Technical Institute-Bloomfield,NJ,Private for-profit,2024
493150,Gould's Academy,TN,Private for-profit,2024
493363,Institute of Lutheran Theology,SD,Private not-for-profit,2024
493372,Urban Academy of Beauty,NM,Private for-profit,2024
493451,WellSpring School of Allied Health-Springfield,MO,Private for-profit,2024
493479,Medical Career College of Northern California,CA,Private for-profit,2024
493488,Premiere International College,FL,Private for-profit,2024
493512,San Diego Global Knowledge University,CA,Private for-profit,2024
493521,Global Tech College,OH,Private for-profit,2024
493530,Crown Cutz Academy Bristol,VA,Private for-profit,2024
493549,McAllen Careers Institute,TX,Private for-profit,2024
493558,Central Pennsylvania Diesel Institute,PA,Private for-profit,2024
493567,Bellasa Professional Institute,FL,Private for-profit,2024
493576,PMCA Pittsburgh Multicultural Cosmetology Academy,PA,Private for-profit,2024
493585,Health and Technology Training Institute,PA,Private not-for-profit,2024
493594,Yeshiva of Ocean,NY,Private not-for-profit,2024
493600,Congregation Talmidei Mesivta Tiferes Shmiel Aleksander,NY,Private not-for-profit,2024
493619,Young Americans College of the Performing Arts,CA,Private not-for-profit,2024
493628,Pro Beauty Academy,NJ,Private for-profit,2024
493637,South Eastern Beauty Academy,KY,Private for-profit,2024
493646,Ohel Margulia Seminary,NY,Private not-for-profit,2024
493655,Montana Barber Institute,TX,Private for-profit,2024
493664,Yeshivat Hechal Shemuel,NY,Private not-for-profit,2024
493673,Professional University Dr. Carlos J. Borrero Rios,PR,Private for-profit,2024
493682,American Institute of Healthcare & Technology,CT,Private for-profit,2024
493691,Premier Academy of Cosmetology,OK,Private for-profit,2024
493707,Yeshiva Gedolah of Woodlake Village,NJ,Private not-for-profit,2024
493716,Yeshiva Gedola Tiferes Yaakov Yitzchok,NJ,Private not-for-profit,2024
493743,Houston Barber School,TX,Private for-profit,2024
493752,Health-Tech Institute of Memphis,TN,Private for-profit,2024
493761,MIXED Institute of Cosmetology & Barber,CA,Private for-profit,2024
493770,Vski Cosmetology School,SC,Private not-for-profit,2024
493798,New York Seminary,NY,Private not-for-profit,2024
493804,Deluxe Barber College,TX,Private for-profit,2024
493813,Falcon Institute of Health and Science,PA,Private for-profit,2024
493822,College Unbound,RI,Private not-for-profit,2024
493831,Midwest Barber College,KS,Private for-profit,2024
493868,A Better U Beauty Barber Academy,NM,Private for-profit,2024
493895,SANS Technology Institute,MD,Private for-profit,2024
493910,Tuana European Beauty Academy,CO,Private for-profit,2024
493947,Idaho College of Osteopathic Medicine,ID,Private for-profit,2024
493956,Cal Northern School of Law,CA,Private for-profit,2024
493974,College of Athens,GA,Private not-for-profit,2024
493992,Southern Careers Institute-Waco,TX,Private for-profit,2024
494001,Elevate Salon Institute,NC,Private for-profit,2024
494010,Ponce Health Sciences University-St Louis,MO,Private for-profit,2024
494029,Lil Lou's Beauty and Barber College-Hammond,IN,Private for-profit,2024
494162,Arizona College of Nursing-Dallas,TX,Private for-profit,2024
494232,The Salon Professional Academy-Washington DC,DC,Private for-profit,2024
494250,Valley College-Cleveland,OH,Private for-profit,2024
494278,EDP University of Puerto Rico-Humacao,PR,Private not-for-profit,2024
494287,EDP University of Puerto Rico-Manati,PR,Private not-for-profit,2024
494357,UEI College-Sacramento,CA,Private for-profit,2024
494436,Fortis Institute-Cookeville,TN,Private for-profit,2024
494463,Derech Hachaim Seminary,NY,Private not-for-profit,2024
494472,Evvaylois Academy School of Beauty,TX,Private not-for-profit,2024
494524,Avenue Five Institute-South Austin Campus,TX,Private for-profit,2024
494542,Sattler College,MA,Private not-for-profit,2024
494551,IE New York College,NY,Private not-for-profit,2024
494588,Pima Medical Institute-San Antonio,TX,Private for-profit,2024
494597,Faith Theological Seminary and Christian College,FL,Private not-for-profit,2024
494603,The Southwestern Baptist Theological Seminary,TX,Private not-for-profit,2024
494621,Lotus Professional College,VA,Private for-profit,2024
494630,Christ Mission College,TX,Private not-for-profit,2024
494649,Esteem Academy of Beauty,UT,Private for-profit,2024
494658,KC Beauty Academy,CA,Private for-profit,2024
494685,Urshan University,MO,Private not-for-profit,2024
494694,Texas Healthtech Institute,TX,Private for-profit,2024
494700,Xtylo Beauty College,AZ,Private for-profit,2024
494719,Tonsorial Arts Barber College,TX,Private for-profit,2024
494728,Michael's Barber & Hair Stylist Academy,TX,Private for-profit,2024
494737,Yeshiva Yesoda Hatorah Vetz Chaim,NY,Private not-for-profit,2024
494746,North-West College-San Diego,CA,Private for-profit,2024
494755,West Virginia Junior College-United Career Institute,PA,Private for-profit,2024
494764,Aviation Institute of Maintenance-Charlotte,NC,Private for-profit,2024
494807,Ponce Health Sciences University-East,PR,Private for-profit,2024
494843,Fortis College-Landover,MD,Private for-profit,2024
494852,Stautzenberger College-Rockford Career College,IL,Private for-profit,2024
494898,WellSpring School of Allied Health-Wichita,KS,Private for-profit,2024
494904,Access Careers-Islandia,NY,Private for-profit,2024
494959,Northern Pennsylvania Regional College,PA,Public,2024
494986,Apex College of Veterinary Technology,CO,Private for-profit,2024
494995,Meryma'at Barber College,OH,Private for-profit,2024
495013,Western Maricopa Education Center,AZ,Public,2024
495031,Bais Medrash of Dexter Park,NY,Private not-for-profit,2024
495040,Makana Esthetics Wellness Academy,HI,Private for-profit,2024
495059,Oak Valley College,CA,Private not-for-profit,2024
495077,Paul Mitchell the School-San Jose,CA,Private for-profit,2024
495101,Zion Massage College,UT,Private for-profit,2024
495110,Great Lakes Boat Building School,MI,Private not-for-profit,2024
495129,Austin Career Institute,TX,Private for-profit,2024
495138,Professional Culinary Academy,NY,Private for-profit,2024
495147,Pacific Northwest Christian College,WA,Private not-for-profit,2024
495174,Hollywood Cultural College,CA,Private for-profit,2024
495183,Mariano Moreno Culinary Institute,FL,Private for-profit,2024
495192,Alder Graduate School of Education,CA,Private not-for-profit,2024
495208,Webb's Barber School of Arts,GA,Private for-profit,2024
495217,Adrian H. Wallace Barber Academy,FL,Private for-profit,2024
495226,St. Louis Med Tech,MO,Private not-for-profit,2024
495235,Total Beauty Institute,FL,Private not-for-profit,2024
495244,Pearlands Innovative School of Beauty,TX,Private for-profit,2024
495253,Durant Institute of Hair Design,OK,Private for-profit,2024
495262,Premiere Aesthetics Institute,OR,Private for-profit,2024
495271,California Indian Nations College,CA,Public,2024
495280,Indian Bible College,AZ,Private not-for-profit,2024
495299,Florida Professional Institute,FL,Private for-profit,2024
495305,The Professional Cosmetology Academy,TX,Private for-profit,2024
495314,Hackensack Meridian School of Medicine,NJ,Private not-for-profit,2024
495341,Taylor Andrews Academy of Hair Design-Hair Lab Detroit Barber School,MI,Private for-profit,2024
495350,Paul Mitchell the School-North Tahoe,CA,Private for-profit,2024
495369,Paul Mitchell the School-Fort Lauderdale,FL,Private for-profit,2024
495378,PCI Academy-Iowa City,IA,Private for-profit,2024
495387,Larry's Barber College,IL,Private for-profit,2024
495411,Paul Mitchell the School-Provo,UT,Private for-profit,2024
495420,Arizona College of Nursing-Tampa,FL,Private for-profit,2024
495439,Arizona College of Nursing-Fort Lauderdale,FL,Private for-profit,2024
495448,Arizona College of Nursing-Tucson,AZ,Private for-profit,2024
495457,Arizona College of Nursing-Phoenix,AZ,Private for-profit,2024
495518,Empire Beauty School-Newport News,VA,Private for-profit,2024
495730,Tricoci University of Beauty Culture-Normal,IL,Private for-profit,2024
495776,Elite Welding Academy,TX,Private for-profit,2024
495794,Paul Mitchell the School-Murfreesboro-Nashville,TN,Private for-profit,2024
495837,Dorsey College-Woodhaven,MI,Private for-profit,2024
495916,Pathways College,AZ,Private not-for-profit,2024
495934,San Joaquin Valley College-Delano,CA,Private for-profit,2024
495952,San Joaquin Valley College-Rancho Mirage,CA,Private for-profit,2024
495961,San Joaquin Valley College-Santa Maria,CA,Private for-profit,2024
495970,Advantage Technical College-Aguadilla,PR,Private for-profit,2024
495998,San Joaquin Valley College-Porterville,CA,Private for-profit,2024
496043,California University of Science and Medicine,CA,Private not-for-profit,2024
496052,Ruben's Five Star Academy,FL,Private for-profit,2024
496061,Mason Anthony School of Cosmetology Arts & Sciences,OH,Private for-profit,2024
496186,California Institute of Arts & Technology-National City,CA,Private for-profit,2024
496265,Triangle Tech-Chambersburg,PA,Private for-profit,2024
496283,Provo College-Idaho Falls Campus,ID,Private for-profit,2024
496326,Eagle Gate College-Boise Campus,ID,Private for-profit,2024
496371,Elite Welding Academy South Point,OH,Private for-profit,2024
496399,Agape College of Business and Science,CA,Private not-for-profit,2024
496405,Newlane University,UT,Private for-profit,2024
496423,Zorganics Institute of Beauty and Wellness,WA,Private for-profit,2024
496469,Daybreak University,CA,Private not-for-profit,2024
496478,Motion Picture Institute,MI,Private for-profit,2024
496520,Zen Shiatsu Chicago,IL,Private for-profit,2024
496539,The  Salon Professional Academy of Holland,MI,Private for-profit,2024
496575,Dymond Designs Beauty School,MI,Private for-profit,2024
496618,National Institute for Medical Assistant Advancement (NIMAA),CO,Private not-for-profit,2024
496627,California Northstate University,CA,Private for-profit,2024
496636,Antigua College International,FL,Private for-profit,2024
496645,Burlington County Institute of Technology-Adult Education,NJ,Public,2024
496654,Sri Sai Krish Institute,CA,Private for-profit,2024
496663,Riggins Urban Barber College,CA,Private for-profit,2024
496672,Hair Arts Institute,OK,Private for-profit,2024
496681,Florida Academy of Nursing,FL,Private for-profit,2024
496690,Body Wisdom Massage Therapy School,IA,Private for-profit,2024
496706,Lakewood University,OH,Private not-for-profit,2024
496715,CTK Healthcare & Career Institute,TX,Private for-profit,2024
496724,Aesthetics Institute,MO,Private for-profit,2024
496733,Sierra Academy of Style,NV,Private for-profit,2024
496751,Institute of Allied Healthcare,TX,Private for-profit,2024
496803,NewU University,DC,Private not-for-profit,2024
496894,Branford Academy of Hair & Cosmetology-Bridgeport,CT,Private for-profit,2024
496919,United Education Institute-Las Vegas,NV,Private for-profit,2024
496955,UEI College-Mesa,AZ,Private for-profit,2024
496964,Larry's Barber College-Joliet,IL,Private for-profit,2024
496973,Herzing University-Tampa,FL,Private not-for-profit,2024
496991,Galen Health Institutes-Miami Campus,FL,Private for-profit,2024
497000,Remington College-Online Dallas,TX,Private not-for-profit,2024
497037,Abilene Christian University-Undergraduate Online,TX,Private not-for-profit,2024
497046,Madera Community College,CA,Public,2024
497073,Ogle School Hair Skin Nails-Willowbrook,TX,Private for-profit,2024
497107,University of Silicon Andhra,CA,Private not-for-profit,2024
497116,Galen Health Institutes-Austin Campus,TX,Private for-profit,2024
497125,Galen Health Institutes-Nashville Campus,TN,Private for-profit,2024
497161,Ohio Business College-Dayton-Driving Academy,OH,Private for-profit,2024
497189,The Rapha School,PA,Private for-profit,2024
497198,Academy of Allied Health Careers,TN,Private for-profit,2024
497204,Mei Barber School,TX,Private for-profit,2024
497213,Great Northern University,WA,Private not-for-profit,2024
497222,Salon Professional Academy-Elevate Salon Institute,FL,Private for-profit,2024
497268,Arizona College of Nursing-Salt Lake City,UT,Private for-profit,2024
497277,Arizona College-Glendale,AZ,Private for-profit,2024
497286,Universal Technical Institute-West Texas,TX,Private for-profit,2024
497301,Avalon Institute-Las Vegas,NV,Private for-profit,2024
497310,Medspa Academies-National Institute of Modern Aesthetics,NV,Private for-profit,2024
497329,American Institute-Cherry Hill,NJ,Private for-profit,2024
497338,Glendale Career College-North-West College-Bakersfield,CA,Private for-profit,2024
497356,Barber Education Academy,TX,Private for-profit,2024
497365,Legends Barber College,TX,Private for-profit,2024
497374,Academia Medical Institute,OH,Private for-profit,2024
497383,Barbers Trade School,TX,Private for-profit,2024
497392,Top of the Line Barber School,TX,Private for-profit,2024
497408,Bridges Christian College,LA,Private not-for-profit,2024
497417,Kino College,AZ,Private for-profit,2024
497426,Salon Professional Academy,NJ,Private for-profit,2024
497435,Southern California College of Barber and Beauty,CA,Private for-profit,2024
497444,Hello Gorgeous Barbers Stillwater's School of Barbering,OK,Private for-profit,2024
497453,Jackson Theological Seminary,AR,Private not-for-profit,2024
497462,Redeemers University North America,TX,Private not-for-profit,2024
497471,Personal Touch Beauty and Barber College,SC,Private for-profit,2024
497480,Reach University,CA,Private not-for-profit,2024
497499,Technology Learning Center,MA,Private for-profit,2024
497657,Hawaii Tokai International College,HI,Private not-for-profit,2024
497675,Hair Academy,OH,Private for-profit,2024
497684,Sweetwater Institute of Cosmetology,TN,Private for-profit,2024
497693,Kansas Health Science University,KS,Private not-for-profit,2024
497718,Academy for Jewish Religion,NY,Private not-for-profit,2024
497736,American College of Healthcare and Technology-Santa Ana,CA,Private for-profit,2024
497745,Aviation Institute of Maintenance-Chicago,IL,Private for-profit,2024
497824,Evangel University-College of Online Learning,MO,Private not-for-profit,2024
497833,Marian University-Ancilla,IN,Private not-for-profit,2024
497888,Spa Tech Institute-North Andover,MA,Private for-profit,2024
497897,Aveda Arts & Sciences Institute Lafayette-Arlington,VA,Private for-profit,2024
497912,Concorde Career College-Broadway,MO,Private for-profit,2024
497949,United Education Institute-Stone Mountain,GA,Private for-profit,2024
497958,UEI College-Tacoma,WA,Private for-profit,2024
498003,Montgomery Beauty School-Baltimore Beauty & Barber School,MD,Private for-profit,2024
498012,Commonwealth of Puerto Rico Department of Education-PRAMI,PR,Public,2024
498030,Universal Technical Institute-South Florida Miramar,FL,Private for-profit,2024
498049,Arizona College of Nursing-Southfield,MI,Private for-profit,2024
498076,Galen Health Institutes-Sarasota,FL,Private for-profit,2024
498085,Galen Health Institutes-Gainesville,FL,Private for-profit,2024
498094,Galen Health Institutes-Richmond,VA,Private for-profit,2024
498100,Galen Health Institutes-Myrtle Beach,SC,Private for-profit,2024
498119,Galen Health Institutes-Asheville,NC,Private for-profit,2024
498234,Larkin University,FL,Private not-for-profit,2024
498289,Pontifex University,GA,Private not-for-profit,2024
498298,The Salon Professional Academy Maplewood,MN,Private for-profit,2024
498322,Xtylo Beauty College,AZ,Private for-profit,2024
498331,San Francisco School of Massage & Bodywork,CA,Private for-profit,2024
498340,Chancellor Institute,FL,Private for-profit,2024
498359,The Salon Professional Academy,PA,Private for-profit,2024
498368,Studio 75 Hair Academy,TN,Private for-profit,2024
498377,Commercial Diving Technologies Institute,FL,Private for-profit,2024
498386,Boone Career and Technical Center,WV,Public,2024
498401,Edge Academy of Beauty,KY,Private for-profit,2024
498410,Premier Barber School,TX,Private for-profit,2024
498447,Arizona College of Nursing-Falls Church,VA,Private for-profit,2024
498456,Arizona College of Nursing-Ontario,CA,Private for-profit,2024
498474,Galen Health Institutes-Houston,TX,Private for-profit,2024
498483,Galen Health Institutes-Pikeville,KY,Private for-profit,2024
498553,Stellar Career College,IL,Private for-profit,2024
498562,Commonwealth University of Pennsylvania,PA,Public,2024
498571,Pennsylvania Western University,PA,Public,2024
498623,Justice University,AZ,Private not-for-profit,2024
498641,I M Beauty School,IL,Private for-profit,2024
498669,Aveda Institute Montana,MT,Private for-profit,2024
498739,Lehigh Career & Technical Institute,PA,Public,2024
498748,CalCopa Massage School,CA,Private for-profit,2024
498757,Medical Solutions Academy,VA,Private for-profit,2024
498766,Sami Halaseh Institute,KS,Private for-profit,2024
498775,Beaver Beauty Academy,GA,Private for-profit,2024
498784,Upper Kutz Barber & Style College,MS,Private for-profit,2024
498793,All In The Wrist Barber Academy,DE,Private for-profit,2024
498809,Yeshiva of Kasho,NY,Private not-for-profit,2024
498818,Cutting Edge Barber Academy,PA,Private for-profit,2024
498827,JT's Cuts Academy,FL,Private for-profit,2024
498836,The Nurse Academy,CA,Private for-profit,2024
498845,Heartland Welding Academy,KS,Private for-profit,2024
498854,Jazz Barber and Hairstyling Academy,VA,Private for-profit,2024
498863,Renaissance Beauty Academy,MO,Private for-profit,2024
498872,Central Valley Barber College,CA,Private for-profit,2024
498881,One Stop Academy,NC,Private for-profit,2024
498890,East Texas Cosmetology College,TX,Private for-profit,2024
498906,Yeshivas Sanz Klauzenburg,NY,Private not-for-profit,2024
498915,Agora University,VA,Private not-for-profit,2024
498924,URBE University,FL,Private for-profit,2024
498951,Art22 Academy,IN,Private for-profit,2024
498960,Healthcare Workforce Training Institute,WI,Private for-profit,2024
499033,Champ's Barber School-Lebanon,PA,Private for-profit,2024
499079,Collectiv Hair Dressing Academy-Collectiv Academy-Dallas,TX,Private for-profit,2024
499103,Homestead Schools-Costa Mesa,CA,Private not-for-profit,2024
499130,Innovate Salon Academy,NJ,Private for-profit,2024
499149,Herzing University-Nashville,TN,Private not-for-profit,2024
499176,College of Biomedical Equipment Technology,TX,Private for-profit,2024
499185,Dorsey College-Grand Rapids,MI,Private for-profit,2024
499255,Baltimore Beauty & Barber School II,MD,Private for-profit,2024
499273,Galen Health Institutes-Dallas,TX,Private for-profit,2024
499282,Galen Health Institutes-Roanoke,VA,Private for-profit,2024
499291,Galen Health Institutes-Wichita,KS,Private for-profit,2024
499307,Galen Health Institutes-Salt Lake City,UT,Private for-profit,2024
499325,"Academy of Cosmetology, Barbering, and Esthetics",OK,Private for-profit,2024
499334,Aveda Institute Tucson-Avondale,AZ,Private for-profit,2024
499361,Premiere Aesthetics Institute-Meridian,ID,Private for-profit,2024
499370,Arizona College of Nursing-Sarasota,FL,Private for-profit,2024
499389,Arizona College of Nursing-Aurora,CO,Private for-profit,2024
499398,Arizona College of Nursing-Cincinnati,OH,Private for-profit,2024
499404,Arizona College of Nursing-Cleveland,OH,Private for-profit,2024
499413,Glendale Career College-North-West College-MFSON,CA,Private for-profit,2024
499422,Denver College of Nursing-Houston,TX,Private for-profit,2024
499495,Gwinnett Institute,FL,Private for-profit,2024
499529,Townsend Barber Institute,MN,Private for-profit,2024
499538,Puerto Rico Advance Institute,PR,Private not-for-profit,2024
499547,Austin Medical Assistant Training,NY,Private for-profit,2024
499556,Albany Beauty Academy,GA,Private for-profit,2024
499608,Wade Gordon Hairdressing Academy-Oklahoma,OK,Private for-profit,2024
499635,EDP University of Puerto Rico-Caguas,PR,Private not-for-profit,2024
499662,Aviation Institute of Maintenance-Phoenix,AZ,Private for-profit,2024
499671,Galen Health Institutes-Las Vegas,NV,Private for-profit,2024
499680,Stellar Career College-Crown Point,IN,Private for-profit,2024
499705,Tulsa Welding School-Dallas Campus,TX,Private for-profit,2024
499723,Barber Tech Academy-Columbia,SC,Private for-profit,2024
499732,Windsor University,DC,Private for-profit,2024
499741,Crescent Training dba Crescent Career Center,MN,Private for-profit,2024
499769,Portland Fashion Institute,OR,Private not-for-profit,2024
499811,Ricketts Great Books College,NE,Private for-profit,2024
499820,Diverse Media Institute,MN,Private not-for-profit,2024
499839,Hot Rod Institute,SD,Private for-profit,2024
499866,Atlantic Acting School,NY,Private not-for-profit,2024
499875,Mosdos Yaakov V'Yisroel,NJ,Private not-for-profit,2024
499884,Jama's Beauty & Barber College,CA,Private for-profit,2024
499893,West Coast Barber College,CA,Private for-profit,2024
499918,C N K Barber College,MS,Private for-profit,2024
499927,South Post Oak Barber College,TX,Private for-profit,2024
499936,Petra College,LA,Private for-profit,2024
499945,Brighton Barber Institute,TX,Private for-profit,2024
499954,Kentucky Welding Institute,KY,Private for-profit,2024
499963,Precision Welding Academy,TX,Private for-profit,2024
499972,Southwest Michigan Beauty School,MI,Private for-profit,2024
499981,Southwest University of Naprapathic Medicine,NM,Private for-profit,2024
499990,Berea Beauty Academy,KY,Private for-profit,2024
500005,Affinity Hair Academy,FL,Private for-profit,2024
500014,ICR Florida Education,FL,Private for-profit,2024
500023,Empire Beauty School-Indianapolis,IN,Private for-profit,2024
500041,Kennedy University of Baptist,FL,Private not-for-profit,2024
500069,ACUPUNCTURE AND MASSAGE SCHOOL OF ORIENTAL MEDICINE,MI,Private for-profit,2024
500087,Doral College,FL,Private not-for-profit,2024
500096,Lincoln College of Technology-East Point,GA,Private for-profit,2024
500120,Tidewater Tech-East Little Creek,VA,Private for-profit,2024
500157,Lil Lou's Beauty and Barber College - South Bend,IN,Private for-profit,2024
500290,Arizona College of Nursing - Chesapeake,VA,Private for-profit,2024
500306,Arizona College of Nursing - Hartford,CT,Private for-profit,2024
500324,UCAS University of Cosmetology Arts & Sciences - 03,TX,Private for-profit,2024
500333,Arizona College of Nursing-St Louis,MO,Private for-profit,2024
500342,EDvance College,CA,Private not-for-profit,2024
500379,High Alternative Education,PR,Private for-profit,2024
500388,Virginia Barber School,VA,Private for-profit,2024
500397,Aguilas International Technical Institute,FL,Private for-profit,2024
500403,Miami Barber Institute,FL,Private for-profit,2024
500412,Modern Male Barber Academy,PA,Private for-profit,2024
500421,Epic Barber College,TX,Private for-profit,2024
500430,Mosley School of Cosmetology,MI,Private for-profit,2024
500449,New Orleans Culinary and Hospitality Institute,LA,Private not-for-profit,2024
500467,Glitz School of Cosmetology -  Santa Fe Campus,NM,Private for-profit,2024
500494,Pivot Point Academy - Wahl Barber Academy,IL,Private for-profit,2024
500537,UR Beauty & Barber Academy-At True Family Barber Academy,FL,Private for-profit,2024
500555,Shearz Institute,GA,Private for-profit,2024
